  1641    671
  1642    671
  1643    671
  1644    671
  1645    671
  1646    671
  1647    671
  1648    671
  1649    671
  1650    671
  1651    671
  1652    671
  1653    671
  1654    671
  1655    671
  1659    671
  1660    671
  1661    671
  1662    671
  1663    671
  1664    671
  1665    671
  1666    671
  1667    671
  1668    671
  1669    671
  1670    671
  1704    671
  1705    671
  1706    671
  1707    671
  1708    671
  1709    671
  1710    671
  1711    671
  1712    671
  1713    671
  1714    671
  1715    671
  1716    671
  1717    671
  1718    671
  1719    671
  1720    671
  1721    671
  1722    671
  1723    671
  1724    671
  1725    671
  1726    671
  1727    671
  1728    671
  1729    671
  1730    671
  1731    671
  1732    671
  1733    671
  1734    671
  1735    671
  1736    671
  1737    671
  1738    671
  1739    671
  1740    671
  1741    671
  1742    671
  1743    671
  1744    671
  1745    671
  1746    671
  1747    671
  1748    671
  1749    671
  1750    671
  1751    671
  1752    671
  1753    671
  1754    671
  1755    671
  1756    671
  1757    671
  1758    671
  1759    671
  1760    671
  1761    671
  1762    671
  1763    671
  1764    671
  1765    671
  1766    671
  1767    671
  1768    671
  1769    671
  1770    671
  1771    671
  1772    671
  1773    671
  1774    671
  1775    671
  1776    671
  1777    671
  1778    671
  1779    671
  1780    671
  1781    671
  1782    671
  1783    671
  1784    671
  1785    671
  1786    671
  1787    671
  1788    671
  1789    671
  1790    671
  1791    671
  1792    671
  1793    671
  1794    671
  1795    671
  1796    671
  1797    671
  1798    671
  1799    671
  1800    671
  1801    671
  1802    671
  1803    671
  1804    671
  1805    671
  1806    671
  1807    671
  1808    671
  1809    671
  1810    671
  1811    671
  1812    671
  1813    671
  1814    671
  1815    671
  1816    671
  1817    671
  1818    671
  1819    671
  1820    671
  1821    671
  1822    671
  1823    671
  1824    671
  1825    671
  1612    672
  1613    672
  1614    672
  1615    672
  1616    672
  1619    672
  1620    672
  1621    672
  1622    672
  1623    672
  1624    672
  1625    672
  1626    672
  1627    672
  1628    672
  1629    672
  1630    672
  1631    672
  1632    672
  1633    672
  1634    672
  1635    672
  1636    672
  1637    672
  1638    672
  1639    672
  1640    672
  1641    672
  1642    672
  1643    672
  1644    672
  1645    672
  1646    672
  1647    672
  1648    672
  1688    672
  1689    672
  1690    672
  1691    672
  1692    672
  1693    672
  1694    672
  1695    672
  1696    672
  1697    672
  1698    672
  1699    672
  1700    672
  1701    672
  1702    672
  1703    672
  1704    672
  1705    672
  1706    672
  1707    672
  1708    672
  1709    672
  1710    672
  1711    672
  1712    672
  1713    672
  1714    672
  1715    672
  1716    672
  1717    672
  1718    672
  1719    672
  1720    672
  1721    672
  1722    672
  1723    672
  1724    672
  1725    672
  1726    672
  1727    672
  1728    672
  1729    672
  1730    672
  1731    672
  1732    672
  1733    672
  1734    672
  1735    672
  1736    672
  1737    672
  1738    672
  1739    672
  1740    672
  1741    672
  1742    672
  1743    672
  1744    672
  1745    672
  1746    672
  1747    672
  1748    672
  1749    672
  1750    672
  1751    672
  1752    672
  1753    672
  1754    672
  1755    672
  1756    672
  1757    672
  1758    672
  1759    672
  1760    672
  1761    672
  1762    672
  1763    672
  1764    672
  1765    672
  1766    672
  1767    672
  1768    672
  1769    672
  1770    672
  1771    672
  1772    672
  1773    672
  1774    672
  1775    672
  1776    672
  1777    672
  1778    672
  1779    672
  1780    672
  1781    672
  1782    672
  1783    672
  1784    672
  1785    672
  1786    672
  1787    672
  1788    672
  1789    672
  1790    672
  1791    672
  1792    672
  1793    672
  1794    672
  1795    672
  1796    672
  1797    672
  1798    672
  1799    672
  1800    672
  1801    672
  1802    672
  1803    672
  1804    672
  1805    672
  1806    672
  1807    672
  1808    672
  1809    672
  1810    672
  1811    672
  1812    672
  1813    672
  1814    672
  1815    672
  1816    672
  1817    672
  1818    672
  1819    672
  1820    672
  1822    672
  1823    672
  1824    672
  1583    673
  1584    673
  1585    673
  1586    673
  1587    673
  1588    673
  1589    673
  1590    673
  1596    673
  1597    673
  1598    673
  1599    673
  1600    673
  1601    673
  1602    673
  1603    673
  1604    673
  1605    673
  1606    673
  1607    673
  1608    673
  1609    673
  1610    673
  1611    673
  1612    673
  1613    673
  1614    673
  1615    673
  1616    673
  1617    673
  1618    673
  1619    673
  1620    673
  1621    673
  1622    673
  1623    673
  1624    673
  1679    673
  1680    673
  1681    673
  1682    673
  1683    673
  1684    673
  1685    673
  1686    673
  1687    673
  1688    673
  1689    673
  1690    673
  1691    673
  1692    673
  1693    673
  1694    673
  1695    673
  1696    673
  1697    673
  1698    673
  1699    673
  1700    673
  1701    673
  1702    673
  1703    673
  1704    673
  1705    673
  1706    673
  1707    673
  1708    673
  1709    673
  1710    673
  1711    673
  1712    673
  1713    673
  1714    673
  1715    673
  1716    673
  1717    673
  1718    673
  1719    673
  1720    673
  1721    673
  1722    673
  1723    673
  1724    673
  1725    673
  1726    673
  1727    673
  1728    673
  1729    673
  1730    673
  1731    673
  1732    673
  1733    673
  1734    673
  1735    673
  1736    673
  1737    673
  1738    673
  1739    673
  1740    673
  1741    673
  1742    673
  1743    673
  1744    673
  1745    673
  1746    673
  1747    673
  1748    673
  1749    673
  1750    673
  1751    673
  1752    673
  1753    673
  1754    673
  1755    673
  1756    673
  1757    673
  1758    673
  1759    673
  1760    673
  1761    673
  1762    673
  1763    673
  1764    673
  1767    673
  1768    673
  1769    673
  1770    673
  1771    673
  1772    673
  1773    673
  1774    673
  1775    673
  1776    673
  1777    673
  1778    673
  1779    673
  1780    673
  1781    673
  1782    673
  1783    673
  1784    673
  1785    673
  1786    673
  1787    673
  1788    673
  1789    673
  1790    673
  1791    673
  1792    673
  1793    673
  1794    673
  1795    673
  1796    673
  1797    673
  1798    673
  1799    673
  1800    673
  1801    673
  1802    673
  1803    673
  1804    673
  1805    673
  1806    673
  1807    673
  1808    673
  1809    673
  1810    673
  1811    673
  1812    673
  1813    673
  1814    673
  1815    673
  1816    673
  1817    673
  1818    673
  1819    673
  1820    673
  1822    673
  1823    673
  1824    673
  1579    674
  1580    674
  1581    674
  1583    674
  1584    674
  1585    674
  1586    674
  1587    674
  1588    674
  1594    674
  1595    674
  1596    674
  1597    674
  1598    674
  1599    674
  1600    674
  1601    674
  1602    674
  1603    674
  1604    674
  1605    674
  1606    674
  1607    674
  1614    674
  1615    674
  1616    674
  1630    674
  1631    674
  1632    674
  1633    674
  1634    674
  1635    674
  1636    674
  1637    674
  1638    674
  1639    674
  1640    674
  1641    674
  1643    674
  1644    674
  1645    674
  1646    674
  1647    674
  1648    674
  1649    674
  1650    674
  1651    674
  1652    674
  1653    674
  1674    674
  1675    674
  1676    674
  1677    674
  1679    674
  1680    674
  1681    674
  1682    674
  1684    674
  1685    674
  1686    674
  1687    674
  1688    674
  1689    674
  1690    674
  1691    674
  1692    674
  1693    674
  1694    674
  1695    674
  1696    674
  1697    674
  1698    674
  1699    674
  1700    674
  1701    674
  1702    674
  1703    674
  1704    674
  1705    674
  1706    674
  1707    674
  1708    674
  1709    674
  1710    674
  1711    674
  1712    674
  1713    674
  1714    674
  1715    674
  1716    674
  1717    674
  1718    674
  1719    674
  1720    674
  1721    674
  1722    674
  1723    674
  1724    674
  1725    674
  1726    674
  1727    674
  1728    674
  1729    674
  1730    674
  1731    674
  1732    674
  1733    674
  1734    674
  1735    674
  1736    674
  1737    674
  1738    674
  1743    674
  1744    674
  1745    674
  1746    674
  1747    674
  1748    674
  1749    674
  1750    674
  1751    674
  1752    674
  1753    674
  1754    674
  1755    674
  1756    674
  1757    674
  1766    674
  1767    674
  1768    674
  1769    674
  1770    674
  1771    674
  1772    674
  1775    674
  1776    674
  1777    674
  1778    674
  1779    674
  1780    674
  1781    674
  1782    674
  1783    674
  1784    674
  1785    674
  1786    674
  1787    674
  1788    674
  1789    674
  1790    674
  1791    674
  1792    674
  1795    674
  1796    674
  1797    674
  1798    674
  1799    674
  1800    674
  1801    674
  1802    674
  1803    674
  1804    674
  1805    674
  1806    674
  1807    674
  1808    674
  1812    674
  1813    674
  1602    675
  1603    675
  1608    675
  1609    675
  1610    675
  1611    675
  1612    675
  1613    675
  1614    675
  1616    675
  1619    675
  1620    675
  1621    675
  1622    675
  1623    675
  1624    675
  1625    675
  1626    675
  1627    675
  1628    675
  1629    675
  1630    675
  1631    675
  1632    675
  1633    675
  1634    675
  1635    675
  1636    675
  1637    675
  1638    675
  1639    675
  1640    675
  1641    675
  1642    675
  1643    675
  1644    675
  1645    675
  1646    675
  1647    675
  1648    675
  1649    675
  1650    675
  1651    675
  1652    675
  1653    675
  1654    675
  1655    675
  1656    675
  1657    675
  1658    675
  1659    675
  1660    675
  1661    675
  1662    675
  1663    675
  1664    675
  1665    675
  1666    675
  1667    675
  1668    675
  1669    675
  1670    675
  1671    675
  1672    675
  1673    675
  1674    675
  1675    675
  1676    675
  1677    675
  1678    675
  1679    675
  1680    675
  1681    675
  1682    675
  1683    675
  1684    675
  1685    675
  1686    675
  1687    675
  1688    675
  1689    675
  1690    675
  1691    675
  1692    675
  1693    675
  1694    675
  1695    675
  1696    675
  1697    675
  1698    675
  1699    675
  1700    675
  1701    675
  1702    675
  1703    675
  1704    675
  1705    675
  1706    675
  1707    675
  1708    675
  1709    675
  1710    675
  1711    675
  1712    675
  1713    675
  1714    675
  1715    675
  1716    675
  1717    675
  1718    675
  1719    675
  1720    675
  1721    675
  1722    675
  1723    675
  1724    675
  1725    675
  1726    675
  1727    675
  1728    675
  1729    675
  1730    675
  1731    675
  1732    675
  1733    675
  1734    675
  1735    675
  1736    675
  1737    675
  1738    675
  1739    675
  1740    675
  1741    675
  1742    675
  1743    675
  1744    675
  1745    675
  1746    675
  1747    675
  1748    675
  1749    675
  1750    675
  1751    675
  1752    675
  1753    675
  1754    675
  1755    675
  1756    675
  1757    675
  1758    675
  1759    675
  1764    675
  1765    675
  1766    675
  1767    675
  1777    675
  1778    675
  1779    675
  1780    675
  1781    675
  1782    675
  1783    675
  1784    675
  1785    675
  1786    675
  1787    675
  1788    675
  1795    675
  1796    675
  1797    675
  1798    675
  1799    675
  1800    675
  1801    675
  1802    675
  1803    675
  1804    675
  1805    675
  1600    676
  1601    676
  1602    676
  1603    676
  1604    676
  1605    676
  1606    676
  1607    676
  1608    676
  1609    676
  1610    676
  1611    676
  1612    676
  1613    676
  1614    676
  1615    676
  1616    676
  1617    676
  1618    676
  1619    676
  1620    676
  1621    676
  1622    676
  1623    676
  1624    676
  1625    676
  1626    676
  1627    676
  1628    676
  1629    676
  1630    676
  1631    676
  1632    676
  1633    676
  1634    676
  1635    676
  1636    676
  1637    676
  1638    676
  1639    676
  1640    676
  1641    676
  1642    676
  1643    676
  1644    676
  1645    676
  1646    676
  1647    676
  1648    676
  1649    676
  1650    676
  1651    676
  1652    676
  1653    676
  1654    676
  1655    676
  1656    676
  1657    676
  1658    676
  1659    676
  1660    676
  1661    676
  1662    676
  1663    676
  1664    676
  1665    676
  1666    676
  1667    676
  1668    676
  1669    676
  1670    676
  1671    676
  1672    676
  1673    676
  1674    676
  1675    676
  1676    676
  1677    676
  1678    676
  1679    676
  1680    676
  1681    676
  1682    676
  1683    676
  1684    676
  1685    676
  1686    676
  1687    676
  1688    676
  1689    676
  1690    676
  1691    676
  1692    676
  1693    676
  1694    676
  1695    676
  1696    676
  1697    676
  1698    676
  1699    676
  1700    676
  1701    676
  1702    676
  1703    676
  1704    676
  1705    676
  1706    676
  1707    676
  1708    676
  1709    676
  1710    676
  1711    676
  1712    676
  1713    676
  1714    676
  1715    676
  1716    676
  1717    676
  1718    676
  1719    676
  1720    676
  1721    676
  1722    676
  1723    676
  1724    676
  1725    676
  1726    676
  1727    676
  1728    676
  1729    676
  1730    676
  1731    676
  1732    676
  1733    676
  1734    676
  1735    676
  1736    676
  1737    676
  1738    676
  1739    676
  1740    676
  1741    676
  1742    676
  1743    676
  1744    676
  1745    676
  1746    676
  1747    676
  1748    676
  1749    676
  1750    676
  1751    676
  1752    676
  1753    676
  1754    676
  1755    676
  1756    676
  1757    676
  1761    676
  1762    676
  1763    676
  1764    676
  1765    676
  1766    676
  1767    676
  1771    676
  1772    676
  1773    676
  1774    676
  1775    676
  1776    676
  1777    676
  1778    676
  1779    676
  1780    676
  1781    676
  1782    676
  1783    676
  1784    676
  1785    676
  1786    676
  1787    676
  1788    676
  1797    676
  1798    676
  1799    676
  1800    676
  1801    676
  1582    677
  1583    677
  1584    677
  1598    677
  1599    677
  1600    677
  1601    677
  1602    677
  1603    677
  1604    677
  1605    677
  1606    677
  1607    677
  1608    677
  1609    677
  1610    677
  1611    677
  1612    677
  1613    677
  1614    677
  1615    677
  1616    677
  1617    677
  1618    677
  1619    677
  1620    677
  1621    677
  1622    677
  1623    677
  1624    677
  1625    677
  1626    677
  1627    677
  1628    677
  1629    677
  1630    677
  1631    677
  1632    677
  1633    677
  1634    677
  1635    677
  1636    677
  1637    677
  1638    677
  1639    677
  1640    677
  1641    677
  1642    677
  1643    677
  1644    677
  1645    677
  1646    677
  1647    677
  1648    677
  1649    677
  1650    677
  1651    677
  1652    677
  1653    677
  1654    677
  1655    677
  1656    677
  1657    677
  1658    677
  1659    677
  1660    677
  1661    677
  1662    677
  1663    677
  1664    677
  1665    677
  1666    677
  1667    677
  1668    677
  1669    677
  1670    677
  1671    677
  1672    677
  1673    677
  1674    677
  1675    677
  1676    677
  1677    677
  1678    677
  1679    677
  1680    677
  1681    677
  1682    677
  1683    677
  1684    677
  1685    677
  1686    677
  1687    677
  1688    677
  1689    677
  1690    677
  1691    677
  1692    677
  1693    677
  1694    677
  1695    677
  1696    677
  1697    677
  1698    677
  1699    677
  1700    677
  1701    677
  1702    677
  1703    677
  1704    677
  1705    677
  1706    677
  1707    677
  1708    677
  1709    677
  1710    677
  1711    677
  1712    677
  1713    677
  1714    677
  1715    677
  1716    677
  1717    677
  1718    677
  1719    677
  1720    677
  1721    677
  1722    677
  1723    677
  1724    677
  1725    677
  1726    677
  1727    677
  1728    677
  1729    677
  1730    677
  1731    677
  1732    677
  1733    677
  1734    677
  1735    677
  1736    677
  1737    677
  1738    677
  1739    677
  1740    677
  1741    677
  1742    677
  1743    677
  1746    677
  1747    677
  1748    677
  1749    677
  1750    677
  1751    677
  1752    677
  1757    677
  1758    677
  1759    677
  1760    677
  1761    677
  1762    677
  1763    677
  1764    677
  1765    677
  1766    677
  1767    677
  1768    677
  1769    677
  1770    677
  1771    677
  1772    677
  1773    677
  1774    677
  1775    677
  1776    677
  1777    677
  1778    677
  1779    677
  1780    677
  1781    677
  1782    677
  1783    677
  1784    677
  1785    677
  1786    677
  1787    677
  1788    677
  1789    677
  1790    677
  1791    677
  1792    677
  1793    677
  1594    678
  1595    678
  1596    678
  1597    678
  1598    678
  1599    678
  1600    678
  1601    678
  1602    678
  1603    678
  1604    678
  1605    678
  1606    678
  1607    678
  1608    678
  1609    678
  1610    678
  1611    678
  1612    678
  1613    678
  1622    678
  1623    678
  1624    678
  1625    678
  1626    678
  1627    678
  1628    678
  1629    678
  1630    678
  1631    678
  1632    678
  1633    678
  1634    678
  1635    678
  1636    678
  1637    678
  1638    678
  1639    678
  1640    678
  1641    678
  1642    678
  1643    678
  1644    678
  1645    678
  1646    678
  1647    678
  1648    678
  1649    678
  1650    678
  1651    678
  1652    678
  1653    678
  1654    678
  1655    678
  1656    678
  1657    678
  1658    678
  1659    678
  1660    678
  1661    678
  1662    678
  1663    678
  1664    678
  1665    678
  1666    678
  1667    678
  1668    678
  1669    678
  1670    678
  1671    678
  1672    678
  1673    678
  1674    678
  1675    678
  1676    678
  1677    678
  1678    678
  1679    678
  1680    678
  1681    678
  1682    678
  1683    678
  1684    678
  1685    678
  1686    678
  1687    678
  1688    678
  1689    678
  1690    678
  1691    678
  1692    678
  1693    678
  1694    678
  1695    678
  1696    678
  1697    678
  1698    678
  1699    678
  1700    678
  1701    678
  1702    678
  1703    678
  1704    678
  1705    678
  1706    678
  1707    678
  1708    678
  1709    678
  1710    678
  1711    678
  1712    678
  1713    678
  1714    678
  1715    678
  1716    678
  1717    678
  1718    678
  1719    678
  1720    678
  1721    678
  1722    678
  1723    678
  1724    678
  1747    678
  1748    678
  1749    678
  1750    678
  1751    678
  1752    678
  1753    678
  1754    678
  1755    678
  1756    678
  1757    678
  1758    678
  1759    678
  1760    678
  1761    678
  1763    678
  1764    678
  1765    678
  1766    678
  1767    678
  1768    678
  1769    678
  1770    678
  1771    678
  1773    678
  1774    678
  1775    678
  1776    678
  1777    678
  1778    678
  1779    678
  1780    678
  1781    678
  1782    678
  1783    678
  1575    679
  1576    679
  1577    679
  1580    679
  1581    679
  1582    679
  1585    679
  1586    679
  1587    679
  1591    679
  1592    679
  1595    679
  1596    679
  1597    679
  1598    679
  1599    679
  1600    679
  1601    679
  1602    679
  1603    679
  1604    679
  1605    679
  1606    679
  1607    679
  1608    679
  1609    679
  1610    679
  1611    679
  1612    679
  1613    679
  1614    679
  1615    679
  1616    679
  1617    679
  1618    679
  1619    679
  1620    679
  1621    679
  1622    679
  1623    679
  1624    679
  1625    679
  1626    679
  1627    679
  1628    679
  1629    679
  1630    679
  1631    679
  1632    679
  1633    679
  1634    679
  1635    679
  1636    679
  1637    679
  1638    679
  1639    679
  1640    679
  1641    679
  1642    679
  1643    679
  1644    679
  1645    679
  1646    679
  1647    679
  1648    679
  1649    679
  1650    679
  1651    679
  1652    679
  1653    679
  1654    679
  1655    679
  1656    679
  1657    679
  1658    679
  1659    679
  1660    679
  1661    679
  1662    679
  1663    679
  1664    679
  1665    679
  1666    679
  1667    679
  1668    679
  1669    679
  1670    679
  1671    679
  1672    679
  1673    679
  1674    679
  1675    679
  1676    679
  1677    679
  1678    679
  1679    679
  1680    679
  1681    679
  1682    679
  1683    679
  1684    679
  1685    679
  1686    679
  1687    679
  1688    679
  1689    679
  1690    679
  1691    679
  1692    679
  1693    679
  1694    679
  1695    679
  1696    679
  1697    679
  1698    679
  1699    679
  1700    679
  1701    679
  1702    679
  1703    679
  1704    679
  1705    679
  1706    679
  1707    679
  1708    679
  1709    679
  1710    679
  1711    679
  1712    679
  1713    679
  1714    679
  1742    679
  1743    679
  1744    679
  1748    679
  1749    679
  1750    679
  1751    679
  1752    679
  1753    679
  1754    679
  1755    679
  1756    679
  1757    679
  1761    679
  1762    679
  1763    679
  1764    679
  1765    679
  1766    679
  1767    679
  1771    679
  1772    679
  1773    679
  1774    679
  1775    679
  1776    679
  1777    679
  1778    679
  1779    679
  1785    679
  1786    679
  1787    679
  1572    680
  1573    680
  1574    680
  1575    680
  1576    680
  1577    680
  1578    680
  1579    680
  1580    680
  1581    680
  1582    680
  1583    680
  1584    680
  1585    680
  1586    680
  1587    680
  1588    680
  1589    680
  1590    680
  1591    680
  1592    680
  1593    680
  1594    680
  1595    680
  1596    680
  1597    680
  1598    680
  1599    680
  1600    680
  1601    680
  1602    680
  1603    680
  1604    680
  1605    680
  1606    680
  1607    680
  1608    680
  1609    680
  1610    680
  1611    680
  1612    680
  1613    680
  1614    680
  1615    680
  1616    680
  1617    680
  1618    680
  1619    680
  1620    680
  1621    680
  1622    680
  1623    680
  1624    680
  1625    680
  1626    680
  1627    680
  1628    680
  1629    680
  1630    680
  1631    680
  1632    680
  1633    680
  1634    680
  1635    680
  1636    680
  1637    680
  1638    680
  1639    680
  1640    680
  1641    680
  1642    680
  1643    680
  1644    680
  1645    680
  1646    680
  1647    680
  1648    680
  1649    680
  1650    680
  1651    680
  1652    680
  1661    680
  1662    680
  1663    680
  1666    680
  1667    680
  1668    680
  1669    680
  1670    680
  1671    680
  1672    680
  1673    680
  1674    680
  1675    680
  1676    680
  1677    680
  1682    680
  1683    680
  1684    680
  1685    680
  1686    680
  1687    680
  1688    680
  1689    680
  1690    680
  1691    680
  1692    680
  1693    680
  1694    680
  1695    680
  1696    680
  1697    680
  1698    680
  1701    680
  1702    680
  1746    680
  1747    680
  1748    680
  1749    680
  1750    680
  1751    680
  1752    680
  1753    680
  1757    680
  1758    680
  1759    680
  1760    680
  1761    680
  1762    680
  1763    680
  1768    680
  1769    680
  1770    680
  1771    680
  1772    680
  1773    680
  1774    680
  1775    680
  1776    680
  1554    681
  1555    681
  1556    681
  1557    681
  1575    681
  1576    681
  1577    681
  1578    681
  1579    681
  1580    681
  1581    681
  1582    681
  1583    681
  1584    681
  1585    681
  1586    681
  1587    681
  1588    681
  1589    681
  1590    681
  1591    681
  1592    681
  1593    681
  1594    681
  1595    681
  1596    681
  1597    681
  1598    681
  1599    681
  1600    681
  1601    681
  1602    681
  1603    681
  1604    681
  1605    681
  1606    681
  1607    681
  1608    681
  1609    681
  1610    681
  1611    681
  1612    681
  1613    681
  1614    681
  1615    681
  1616    681
  1617    681
  1618    681
  1619    681
  1620    681
  1621    681
  1622    681
  1623    681
  1624    681
  1625    681
  1626    681
  1627    681
  1628    681
  1629    681
  1630    681
  1631    681
  1632    681
  1633    681
  1634    681
  1635    681
  1636    681
  1637    681
  1638    681
  1639    681
  1640    681
  1641    681
  1642    681
  1643    681
  1644    681
  1645    681
  1646    681
  1647    681
  1648    681
  1649    681
  1650    681
  1651    681
  1652    681
  1653    681
  1654    681
  1655    681
  1656    681
  1657    681
  1658    681
  1659    681
  1660    681
  1661    681
  1681    681
  1682    681
  1683    681
  1684    681
  1685    681
  1686    681
  1687    681
  1688    681
  1689    681
  1742    681
  1743    681
  1744    681
  1745    681
  1746    681
  1747    681
  1748    681
  1749    681
  1750    681
  1754    681
  1755    681
  1756    681
  1757    681
  1758    681
  1759    681
  1760    681
  1761    681
  1762    681
  1764    681
  1765    681
  1766    681
  1767    681
  1768    681
  1769    681
  1770    681
  1771    681
  1777    681
  1778    681
  1779    681
  1519    682
  1520    682
  1521    682
  1522    682
  1523    682
  1524    682
  1525    682
  1526    682
  1533    682
  1534    682
  1535    682
  1536    682
  1537    682
  1538    682
  1539    682
  1540    682
  1541    682
  1542    682
  1543    682
  1544    682
  1545    682
  1546    682
  1547    682
  1548    682
  1549    682
  1550    682
  1551    682
  1552    682
  1553    682
  1579    682
  1580    682
  1581    682
  1582    682
  1583    682
  1584    682
  1585    682
  1586    682
  1587    682
  1588    682
  1589    682
  1590    682
  1591    682
  1592    682
  1593    682
  1594    682
  1595    682
  1596    682
  1597    682
  1598    682
  1599    682
  1600    682
  1601    682
  1602    682
  1603    682
  1604    682
  1605    682
  1606    682
  1607    682
  1608    682
  1610    682
  1611    682
  1612    682
  1613    682
  1614    682
  1615    682
  1616    682
  1617    682
  1618    682
  1619    682
  1620    682
  1621    682
  1622    682
  1623    682
  1624    682
  1625    682
  1626    682
  1627    682
  1628    682
  1629    682
  1630    682
  1631    682
  1632    682
  1633    682
  1634    682
  1635    682
  1636    682
  1637    682
  1638    682
  1639    682
  1640    682
  1641    682
  1642    682
  1643    682
  1644    682
  1645    682
  1646    682
  1647    682
  1648    682
  1649    682
  1650    682
  1651    682
  1652    682
  1653    682
  1654    682
  1655    682
  1656    682
  1657    682
  1658    682
  1659    682
  1660    682
  1662    682
  1663    682
  1664    682
  1667    682
  1668    682
  1669    682
  1670    682
  1671    682
  1672    682
  1673    682
  1674    682
  1675    682
  1676    682
  1677    682
  1678    682
  1679    682
  1680    682
  1740    682
  1741    682
  1742    682
  1743    682
  1744    682
  1745    682
  1746    682
  1747    682
  1751    682
  1752    682
  1753    682
  1754    682
  1755    682
  1756    682
  1757    682
  1758    682
  1763    682
  1764    682
  1765    682
  1766    682
  1767    682
  1768    682
  1769    682
  1500    683
  1502    683
  1504    683
  1505    683
  1507    683
  1508    683
  1509    683
  1510    683
  1511    683
  1513    683
  1518    683
  1519    683
  1520    683
  1521    683
  1522    683
  1523    683
  1524    683
  1525    683
  1526    683
  1527    683
  1528    683
  1529    683
  1530    683
  1531    683
  1532    683
  1533    683
  1534    683
  1535    683
  1536    683
  1537    683
  1538    683
  1539    683
  1540    683
  1541    683
  1543    683
  1544    683
  1545    683
  1546    683
  1547    683
  1549    683
  1550    683
  1551    683
  1552    683
  1553    683
  1554    683
  1555    683
  1556    683
  1557    683
  1558    683
  1559    683
  1560    683
  1563    683
  1564    683
  1565    683
  1566    683
  1567    683
  1568    683
  1569    683
  1570    683
  1571    683
  1572    683
  1573    683
  1574    683
  1575    683
  1576    683
  1577    683
  1578    683
  1579    683
  1580    683
  1581    683
  1582    683
  1583    683
  1584    683
  1585    683
  1586    683
  1587    683
  1588    683
  1589    683
  1590    683
  1591    683
  1592    683
  1593    683
  1594    683
  1595    683
  1596    683
  1597    683
  1598    683
  1599    683
  1600    683
  1601    683
  1602    683
  1603    683
  1604    683
  1605    683
  1606    683
  1607    683
  1608    683
  1609    683
  1610    683
  1611    683
  1612    683
  1613    683
  1614    683
  1615    683
  1616    683
  1617    683
  1618    683
  1619    683
  1620    683
  1621    683
  1622    683
  1623    683
  1624    683
  1625    683
  1626    683
  1627    683
  1628    683
  1629    683
  1630    683
  1631    683
  1632    683
  1633    683
  1634    683
  1635    683
  1636    683
  1637    683
  1638    683
  1639    683
  1640    683
  1641    683
  1642    683
  1643    683
  1644    683
  1645    683
  1646    683
  1647    683
  1648    683
  1649    683
  1650    683
  1651    683
  1652    683
  1653    683
  1654    683
  1655    683
  1748    683
  1749    683
  1750    683
  1751    683
  1752    683
  1753    683
  1754    683
  1755    683
  1756    683
  1766    683
  1767    683
  1770    683
  1771    683
  1772    683
  1485    684
  1486    684
  1487    684
  1488    684
  1489    684
  1490    684
  1491    684
  1492    684
  1494    684
  1495    684
  1496    684
  1497    684
  1498    684
  1499    684
  1500    684
  1501    684
  1502    684
  1503    684
  1504    684
  1505    684
  1506    684
  1507    684
  1508    684
  1509    684
  1510    684
  1511    684
  1512    684
  1513    684
  1514    684
  1515    684
  1516    684
  1517    684
  1518    684
  1519    684
  1520    684
  1521    684
  1522    684
  1523    684
  1524    684
  1525    684
  1528    684
  1529    684
  1530    684
  1531    684
  1532    684
  1533    684
  1534    684
  1535    684
  1536    684
  1537    684
  1538    684
  1539    684
  1540    684
  1541    684
  1542    684
  1543    684
  1544    684
  1545    684
  1546    684
  1547    684
  1548    684
  1549    684
  1550    684
  1551    684
  1552    684
  1553    684
  1554    684
  1555    684
  1556    684
  1557    684
  1558    684
  1559    684
  1560    684
  1561    684
  1562    684
  1563    684
  1564    684
  1565    684
  1566    684
  1567    684
  1568    684
  1569    684
  1570    684
  1571    684
  1572    684
  1573    684
  1574    684
  1575    684
  1576    684
  1577    684
  1578    684
  1579    684
  1580    684
  1581    684
  1582    684
  1583    684
  1584    684
  1585    684
  1586    684
  1587    684
  1588    684
  1589    684
  1590    684
  1591    684
  1592    684
  1593    684
  1594    684
  1595    684
  1596    684
  1597    684
  1598    684
  1599    684
  1600    684
  1601    684
  1602    684
  1603    684
  1604    684
  1605    684
  1606    684
  1607    684
  1608    684
  1609    684
  1610    684
  1611    684
  1612    684
  1613    684
  1614    684
  1615    684
  1616    684
  1617    684
  1618    684
  1619    684
  1620    684
  1621    684
  1622    684
  1623    684
  1624    684
  1625    684
  1626    684
  1627    684
  1628    684
  1629    684
  1630    684
  1631    684
  1632    684
  1633    684
  1634    684
  1635    684
  1636    684
  1637    684
  1638    684
  1639    684
  1640    684
  1641    684
  1655    684
  1656    684
  1657    684
  1747    684
  1748    684
  1749    684
  1750    684
  1751    684
  1752    684
  1753    684
  1754    684
  1763    684
  1769    684
  1770    684
  1771    684
  1464    685
  1465    685
  1466    685
  1469    685
  1471    685
  1472    685
  1473    685
  1474    685
  1475    685
  1476    685
  1477    685
  1478    685
  1485    685
  1486    685
  1487    685
  1488    685
  1489    685
  1490    685
  1491    685
  1492    685
  1493    685
  1494    685
  1495    685
  1496    685
  1497    685
  1498    685
  1504    685
  1505    685
  1506    685
  1507    685
  1508    685
  1509    685
  1510    685
  1511    685
  1512    685
  1513    685
  1514    685
  1515    685
  1516    685
  1517    685
  1521    685
  1522    685
  1523    685
  1524    685
  1527    685
  1528    685
  1529    685
  1530    685
  1531    685
  1532    685
  1533    685
  1534    685
  1535    685
  1536    685
  1537    685
  1538    685
  1539    685
  1540    685
  1541    685
  1542    685
  1543    685
  1544    685
  1545    685
  1546    685
  1547    685
  1548    685
  1549    685
  1550    685
  1551    685
  1552    685
  1553    685
  1554    685
  1555    685
  1556    685
  1557    685
  1558    685
  1559    685
  1560    685
  1561    685
  1562    685
  1563    685
  1564    685
  1565    685
  1566    685
  1567    685
  1568    685
  1569    685
  1570    685
  1571    685
  1572    685
  1573    685
  1574    685
  1575    685
  1576    685
  1577    685
  1578    685
  1579    685
  1580    685
  1581    685
  1582    685
  1583    685
  1584    685
  1585    685
  1586    685
  1587    685
  1588    685
  1589    685
  1590    685
  1591    685
  1592    685
  1593    685
  1594    685
  1595    685
  1596    685
  1597    685
  1598    685
  1599    685
  1600    685
  1601    685
  1602    685
  1603    685
  1604    685
  1605    685
  1606    685
  1607    685
  1608    685
  1609    685
  1610    685
  1611    685
  1612    685
  1613    685
  1614    685
  1615    685
  1616    685
  1617    685
  1618    685
  1619    685
  1620    685
  1621    685
  1622    685
  1623    685
  1624    685
  1625    685
  1626    685
  1634    685
  1635    685
  1636    685
  1637    685
  1638    685
  1639    685
  1734    685
  1735    685
  1736    685
  1737    685
  1738    685
  1739    685
  1740    685
  1745    685
  1746    685
  1747    685
  1748    685
  1749    685
  1750    685
  1751    685
  1752    685
  1756    685
  1757    685
  1758    685
  1759    685
  1760    685
  1761    685
  1762    685
  1763    685
  1764    685
  1458    686
  1459    686
  1460    686
  1461    686
  1462    686
  1463    686
  1464    686
  1465    686
  1466    686
  1467    686
  1468    686
  1469    686
  1470    686
  1471    686
  1472    686
  1473    686
  1474    686
  1475    686
  1476    686
  1477    686
  1478    686
  1479    686
  1480    686
  1482    686
  1483    686
  1484    686
  1485    686
  1486    686
  1487    686
  1488    686
  1489    686
  1490    686
  1491    686
  1492    686
  1493    686
  1494    686
  1495    686
  1496    686
  1497    686
  1498    686
  1499    686
  1500    686
  1501    686
  1502    686
  1503    686
  1504    686
  1505    686
  1506    686
  1507    686
  1508    686
  1509    686
  1512    686
  1513    686
  1514    686
  1515    686
  1516    686
  1517    686
  1518    686
  1519    686
  1520    686
  1521    686
  1522    686
  1523    686
  1524    686
  1525    686
  1526    686
  1527    686
  1528    686
  1529    686
  1530    686
  1531    686
  1532    686
  1533    686
  1534    686
  1535    686
  1536    686
  1537    686
  1538    686
  1539    686
  1540    686
  1541    686
  1542    686
  1543    686
  1544    686
  1545    686
  1546    686
  1547    686
  1548    686
  1549    686
  1550    686
  1551    686
  1552    686
  1553    686
  1554    686
  1555    686
  1556    686
  1557    686
  1558    686
  1559    686
  1560    686
  1561    686
  1562    686
  1563    686
  1564    686
  1565    686
  1566    686
  1567    686
  1568    686
  1569    686
  1570    686
  1571    686
  1572    686
  1573    686
  1574    686
  1575    686
  1576    686
  1577    686
  1578    686
  1579    686
  1580    686
  1581    686
  1582    686
  1583    686
  1584    686
  1585    686
  1586    686
  1587    686
  1588    686
  1589    686
  1590    686
  1591    686
  1592    686
  1593    686
  1594    686
  1595    686
  1596    686
  1597    686
  1598    686
  1599    686
  1600    686
  1601    686
  1602    686
  1603    686
  1604    686
  1605    686
  1606    686
  1607    686
  1608    686
  1609    686
  1610    686
  1611    686
  1625    686
  1626    686
  1627    686
  1628    686
  1629    686
  1732    686
  1733    686
  1734    686
  1735    686
  1736    686
  1737    686
  1738    686
  1739    686
  1740    686
  1744    686
  1745    686
  1746    686
  1747    686
  1748    686
  1749    686
  1750    686
  1751    686
  1754    686
  1755    686
  1756    686
  1757    686
  1758    686
  1759    686
  1760    686
  1761    686
  1762    686
  1763    686
  1433    687
  1439    687
  1440    687
  1441    687
  1442    687
  1443    687
  1444    687
  1445    687
  1446    687
  1447    687
  1448    687
  1449    687
  1450    687
  1454    687
  1455    687
  1456    687
  1457    687
  1458    687
  1459    687
  1460    687
  1461    687
  1462    687
  1463    687
  1464    687
  1465    687
  1467    687
  1468    687
  1469    687
  1476    687
  1477    687
  1478    687
  1481    687
  1482    687
  1486    687
  1491    687
  1492    687
  1493    687
  1494    687
  1495    687
  1496    687
  1497    687
  1498    687
  1499    687
  1500    687
  1501    687
  1502    687
  1503    687
  1504    687
  1505    687
  1506    687
  1507    687
  1508    687
  1509    687
  1510    687
  1511    687
  1512    687
  1513    687
  1514    687
  1515    687
  1516    687
  1517    687
  1518    687
  1519    687
  1520    687
  1521    687
  1522    687
  1523    687
  1524    687
  1525    687
  1526    687
  1527    687
  1528    687
  1529    687
  1530    687
  1531    687
  1532    687
  1533    687
  1534    687
  1535    687
  1536    687
  1537    687
  1538    687
  1539    687
  1540    687
  1541    687
  1542    687
  1543    687
  1544    687
  1545    687
  1546    687
  1547    687
  1548    687
  1549    687
  1550    687
  1551    687
  1552    687
  1553    687
  1554    687
  1555    687
  1556    687
  1557    687
  1558    687
  1559    687
  1560    687
  1561    687
  1562    687
  1563    687
  1564    687
  1565    687
  1566    687
  1567    687
  1568    687
  1569    687
  1570    687
  1571    687
  1572    687
  1573    687
  1574    687
  1575    687
  1584    687
  1585    687
  1586    687
  1587    687
  1588    687
  1589    687
  1590    687
  1591    687
  1592    687
  1593    687
  1594    687
  1595    687
  1596    687
  1597    687
  1598    687
  1599    687
  1600    687
  1601    687
  1731    687
  1732    687
  1733    687
  1734    687
  1735    687
  1736    687
  1737    687
  1738    687
  1743    687
  1744    687
  1745    687
  1746    687
  1747    687
  1748    687
  1749    687
  1750    687
  1755    687
  1756    687
  1757    687
  1758    687
  1759    687
  1760    687
  1761    687
  1762    687
  1765    687
  1766    687
  1767    687
  1373    688
  1374    688
  1375    688
  1411    688
  1420    688
  1421    688
  1422    688
  1424    688
  1425    688
  1426    688
  1427    688
  1428    688
  1429    688
  1430    688
  1431    688
  1432    688
  1433    688
  1434    688
  1435    688
  1436    688
  1437    688
  1438    688
  1439    688
  1440    688
  1441    688
  1442    688
  1443    688
  1444    688
  1445    688
  1446    688
  1447    688
  1448    688
  1449    688
  1450    688
  1451    688
  1452    688
  1453    688
  1455    688
  1456    688
  1457    688
  1459    688
  1460    688
  1461    688
  1462    688
  1463    688
  1464    688
  1465    688
  1466    688
  1467    688
  1468    688
  1471    688
  1472    688
  1473    688
  1474    688
  1475    688
  1476    688
  1477    688
  1478    688
  1479    688
  1480    688
  1481    688
  1482    688
  1483    688
  1484    688
  1485    688
  1486    688
  1487    688
  1488    688
  1489    688
  1490    688
  1491    688
  1492    688
  1493    688
  1494    688
  1495    688
  1496    688
  1497    688
  1498    688
  1499    688
  1500    688
  1501    688
  1502    688
  1503    688
  1504    688
  1505    688
  1506    688
  1507    688
  1508    688
  1509    688
  1510    688
  1511    688
  1512    688
  1513    688
  1514    688
  1515    688
  1516    688
  1517    688
  1518    688
  1519    688
  1520    688
  1521    688
  1522    688
  1523    688
  1524    688
  1525    688
  1526    688
  1527    688
  1528    688
  1529    688
  1530    688
  1531    688
  1532    688
  1533    688
  1534    688
  1535    688
  1536    688
  1537    688
  1538    688
  1539    688
  1540    688
  1541    688
  1542    688
  1543    688
  1544    688
  1545    688
  1546    688
  1547    688
  1548    688
  1549    688
  1550    688
  1551    688
  1552    688
  1553    688
  1554    688
  1555    688
  1556    688
  1557    688
  1558    688
  1559    688
  1560    688
  1578    688
  1579    688
  1580    688
  1581    688
  1582    688
  1583    688
  1584    688
  1585    688
  1586    688
  1587    688
  1588    688
  1589    688
  1590    688
  1596    688
  1597    688
  1598    688
  1599    688
  1600    688
  1601    688
  1730    688
  1731    688
  1732    688
  1733    688
  1734    688
  1735    688
  1736    688
  1737    688
  1743    688
  1744    688
  1745    688
  1746    688
  1747    688
  1748    688
  1749    688
  1750    688
  1755    688
  1756    688
  1757    688
  1758    688
  1759    688
  1760    688
  1761    688
  1762    688
  1405    689
  1406    689
  1407    689
  1408    689
  1409    689
  1410    689
  1411    689
  1412    689
  1413    689
  1414    689
  1415    689
  1416    689
  1417    689
  1418    689
  1419    689
  1420    689
  1421    689
  1422    689
  1423    689
  1424    689
  1425    689
  1427    689
  1428    689
  1429    689
  1430    689
  1431    689
  1432    689
  1433    689
  1435    689
  1436    689
  1437    689
  1438    689
  1439    689
  1440    689
  1441    689
  1442    689
  1443    689
  1444    689
  1445    689
  1446    689
  1447    689
  1448    689
  1449    689
  1452    689
  1453    689
  1454    689
  1455    689
  1456    689
  1457    689
  1458    689
  1459    689
  1460    689
  1461    689
  1462    689
  1463    689
  1464    689
  1465    689
  1466    689
  1467    689
  1468    689
  1469    689
  1470    689
  1471    689
  1472    689
  1473    689
  1474    689
  1475    689
  1476    689
  1477    689
  1478    689
  1479    689
  1480    689
  1481    689
  1482    689
  1483    689
  1484    689
  1485    689
  1486    689
  1487    689
  1488    689
  1489    689
  1490    689
  1491    689
  1492    689
  1493    689
  1494    689
  1495    689
  1496    689
  1497    689
  1498    689
  1499    689
  1500    689
  1501    689
  1502    689
  1503    689
  1504    689
  1505    689
  1506    689
  1507    689
  1508    689
  1509    689
  1510    689
  1511    689
  1512    689
  1513    689
  1514    689
  1515    689
  1516    689
  1517    689
  1518    689
  1519    689
  1520    689
  1521    689
  1522    689
  1523    689
  1524    689
  1525    689
  1526    689
  1527    689
  1528    689
  1529    689
  1530    689
  1531    689
  1532    689
  1533    689
  1534    689
  1535    689
  1536    689
  1537    689
  1538    689
  1539    689
  1540    689
  1541    689
  1542    689
  1543    689
  1544    689
  1545    689
  1546    689
  1547    689
  1548    689
  1549    689
  1550    689
  1551    689
  1552    689
  1553    689
  1554    689
  1555    689
  1556    689
  1557    689
  1558    689
  1559    689
  1560    689
  1565    689
  1566    689
  1567    689
  1568    689
  1569    689
  1570    689
  1571    689
  1572    689
  1575    689
  1576    689
  1577    689
  1578    689
  1730    689
  1731    689
  1732    689
  1733    689
  1734    689
  1735    689
  1736    689
  1737    689
  1743    689
  1744    689
  1745    689
  1746    689
  1747    689
  1748    689
  1749    689
  1750    689
  1755    689
  1756    689
  1757    689
  1758    689
  1759    689
  1760    689
  1761    689
  1762    689
  1763    689
  1369    690
  1370    690
  1371    690
  1372    690
  1373    690
  1374    690
  1375    690
  1378    690
  1379    690
  1380    690
  1381    690
  1382    690
  1383    690
  1384    690
  1385    690
  1386    690
  1387    690
  1388    690
  1389    690
  1390    690
  1391    690
  1392    690
  1393    690
  1394    690
  1400    690
  1401    690
  1402    690
  1403    690
  1404    690
  1405    690
  1406    690
  1407    690
  1408    690
  1409    690
  1410    690
  1417    690
  1418    690
  1419    690
  1420    690
  1421    690
  1422    690
  1423    690
  1424    690
  1425    690
  1426    690
  1427    690
  1428    690
  1429    690
  1430    690
  1431    690
  1432    690
  1433    690
  1434    690
  1435    690
  1436    690
  1437    690
  1438    690
  1439    690
  1440    690
  1441    690
  1442    690
  1443    690
  1444    690
  1445    690
  1446    690
  1447    690
  1448    690
  1449    690
  1450    690
  1451    690
  1452    690
  1453    690
  1454    690
  1455    690
  1456    690
  1457    690
  1458    690
  1459    690
  1460    690
  1461    690
  1462    690
  1463    690
  1464    690
  1465    690
  1466    690
  1467    690
  1468    690
  1469    690
  1470    690
  1471    690
  1472    690
  1473    690
  1474    690
  1475    690
  1476    690
  1477    690
  1478    690
  1479    690
  1480    690
  1481    690
  1482    690
  1483    690
  1484    690
  1485    690
  1486    690
  1487    690
  1488    690
  1489    690
  1490    690
  1491    690
  1492    690
  1493    690
  1494    690
  1495    690
  1496    690
  1497    690
  1498    690
  1499    690
  1500    690
  1501    690
  1502    690
  1503    690
  1504    690
  1505    690
  1506    690
  1507    690
  1508    690
  1509    690
  1510    690
  1511    690
  1512    690
  1513    690
  1514    690
  1515    690
  1516    690
  1517    690
  1518    690
  1519    690
  1520    690
  1521    690
  1522    690
  1523    690
  1524    690
  1525    690
  1526    690
  1527    690
  1528    690
  1529    690
  1530    690
  1531    690
  1532    690
  1533    690
  1534    690
  1535    690
  1536    690
  1537    690
  1538    690
  1539    690
  1540    690
  1541    690
  1542    690
  1543    690
  1544    690
  1545    690
  1546    690
  1547    690
  1548    690
  1549    690
  1550    690
  1551    690
  1552    690
  1553    690
  1554    690
  1555    690
  1556    690
  1558    690
  1559    690
  1560    690
  1730    690
  1731    690
  1732    690
  1733    690
  1734    690
  1735    690
  1736    690
  1737    690
  1738    690
  1743    690
  1744    690
  1745    690
  1746    690
  1747    690
  1748    690
  1749    690
  1750    690
  1751    690
  1755    690
  1756    690
  1757    690
  1758    690
  1759    690
  1760    690
  1761    690
  1762    690
  1763    690
  1365    691
  1366    691
  1367    691
  1368    691
  1369    691
  1370    691
  1371    691
  1372    691
  1373    691
  1374    691
  1375    691
  1376    691
  1380    691
  1381    691
  1382    691
  1383    691
  1384    691
  1385    691
  1386    691
  1387    691
  1388    691
  1389    691
  1393    691
  1394    691
  1395    691
  1397    691
  1398    691
  1399    691
  1400    691
  1406    691
  1407    691
  1413    691
  1414    691
  1415    691
  1419    691
  1420    691
  1421    691
  1422    691
  1423    691
  1424    691
  1425    691
  1426    691
  1427    691
  1428    691
  1429    691
  1430    691
  1431    691
  1432    691
  1433    691
  1434    691
  1435    691
  1436    691
  1437    691
  1438    691
  1439    691
  1440    691
  1441    691
  1442    691
  1443    691
  1444    691
  1445    691
  1446    691
  1447    691
  1448    691
  1449    691
  1450    691
  1451    691
  1452    691
  1453    691
  1454    691
  1455    691
  1456    691
  1457    691
  1458    691
  1459    691
  1460    691
  1461    691
  1462    691
  1463    691
  1464    691
  1465    691
  1466    691
  1467    691
  1468    691
  1469    691
  1470    691
  1471    691
  1472    691
  1473    691
  1474    691
  1475    691
  1476    691
  1477    691
  1478    691
  1479    691
  1480    691
  1484    691
  1485    691
  1486    691
  1487    691
  1488    691
  1489    691
  1490    691
  1491    691
  1492    691
  1493    691
  1494    691
  1495    691
  1496    691
  1497    691
  1498    691
  1499    691
  1500    691
  1501    691
  1502    691
  1503    691
  1504    691
  1505    691
  1506    691
  1507    691
  1508    691
  1509    691
  1510    691
  1511    691
  1512    691
  1513    691
  1514    691
  1515    691
  1516    691
  1517    691
  1518    691
  1519    691
  1520    691
  1521    691
  1522    691
  1523    691
  1524    691
  1525    691
  1526    691
  1527    691
  1528    691
  1529    691
  1530    691
  1531    691
  1532    691
  1533    691
  1534    691
  1535    691
  1536    691
  1537    691
  1538    691
  1539    691
  1540    691
  1541    691
  1542    691
  1543    691
  1544    691
  1545    691
  1546    691
  1547    691
  1548    691
  1549    691
  1552    691
  1553    691
  1554    691
  1555    691
  1556    691
  1557    691
  1732    691
  1733    691
  1734    691
  1735    691
  1736    691
  1737    691
  1738    691
  1739    691
  1744    691
  1745    691
  1746    691
  1747    691
  1748    691
  1749    691
  1750    691
  1751    691
  1752    691
  1756    691
  1757    691
  1758    691
  1759    691
  1760    691
  1761    691
  1762    691
  1763    691
  1764    691
  1056    692
  1057    692
  1058    692
  1325    692
  1328    692
  1329    692
  1330    692
  1349    692
  1350    692
  1351    692
  1352    692
  1353    692
  1354    692
  1355    692
  1356    692
  1357    692
  1358    692
  1359    692
  1360    692
  1361    692
  1362    692
  1363    692
  1364    692
  1365    692
  1366    692
  1368    692
  1369    692
  1370    692
  1376    692
  1377    692
  1378    692
  1379    692
  1383    692
  1385    692
  1386    692
  1387    692
  1388    692
  1389    692
  1390    692
  1391    692
  1392    692
  1393    692
  1394    692
  1395    692
  1396    692
  1398    692
  1399    692
  1400    692
  1401    692
  1402    692
  1403    692
  1404    692
  1405    692
  1406    692
  1407    692
  1408    692
  1409    692
  1410    692
  1411    692
  1412    692
  1413    692
  1414    692
  1415    692
  1416    692
  1417    692
  1418    692
  1419    692
  1420    692
  1421    692
  1422    692
  1423    692
  1424    692
  1425    692
  1426    692
  1427    692
  1428    692
  1429    692
  1430    692
  1431    692
  1432    692
  1433    692
  1434    692
  1435    692
  1436    692
  1437    692
  1438    692
  1439    692
  1440    692
  1441    692
  1442    692
  1443    692
  1444    692
  1445    692
  1446    692
  1447    692
  1448    692
  1449    692
  1450    692
  1451    692
  1452    692
  1453    692
  1454    692
  1455    692
  1456    692
  1457    692
  1458    692
  1459    692
  1460    692
  1461    692
  1462    692
  1463    692
  1464    692
  1465    692
  1466    692
  1467    692
  1468    692
  1469    692
  1470    692
  1471    692
  1472    692
  1473    692
  1474    692
  1475    692
  1476    692
  1477    692
  1478    692
  1479    692
  1480    692
  1481    692
  1482    692
  1483    692
  1484    692
  1485    692
  1486    692
  1487    692
  1488    692
  1489    692
  1490    692
  1491    692
  1492    692
  1493    692
  1494    692
  1495    692
  1496    692
  1497    692
  1499    692
  1500    692
  1501    692
  1502    692
  1503    692
  1504    692
  1505    692
  1506    692
  1507    692
  1508    692
  1509    692
  1510    692
  1511    692
  1512    692
  1513    692
  1514    692
  1515    692
  1516    692
  1517    692
  1518    692
  1519    692
  1520    692
  1521    692
  1522    692
  1523    692
  1524    692
  1525    692
  1526    692
  1527    692
  1528    692
  1529    692
  1530    692
  1531    692
  1532    692
  1533    692
  1534    692
  1535    692
  1536    692
  1732    692
  1733    692
  1734    692
  1735    692
  1736    692
  1737    692
  1738    692
  1739    692
  1740    692
  1741    692
  1745    692
  1746    692
  1747    692
  1748    692
  1749    692
  1750    692
  1751    692
  1752    692
  1758    692
  1759    692
  1760    692
  1761    692
  1762    692
  1763    692
  1764    692
  1765    692
  1042    693
  1043    693
  1044    693
  1045    693
  1046    693
  1047    693
  1048    693
  1049    693
  1050    693
  1051    693
  1052    693
  1053    693
  1307    693
  1308    693
  1309    693
  1330    693
  1331    693
  1332    693
  1333    693
  1334    693
  1335    693
  1336    693
  1351    693
  1352    693
  1353    693
  1354    693
  1355    693
  1356    693
  1357    693
  1358    693
  1359    693
  1360    693
  1361    693
  1365    693
  1366    693
  1367    693
  1368    693
  1369    693
  1372    693
  1373    693
  1374    693
  1375    693
  1376    693
  1378    693
  1379    693
  1380    693
  1381    693
  1382    693
  1383    693
  1384    693
  1385    693
  1386    693
  1387    693
  1388    693
  1389    693
  1390    693
  1391    693
  1392    693
  1393    693
  1394    693
  1395    693
  1396    693
  1397    693
  1398    693
  1399    693
  1400    693
  1401    693
  1402    693
  1403    693
  1404    693
  1405    693
  1406    693
  1407    693
  1408    693
  1409    693
  1410    693
  1411    693
  1412    693
  1413    693
  1414    693
  1415    693
  1416    693
  1417    693
  1418    693
  1419    693
  1420    693
  1421    693
  1422    693
  1423    693
  1424    693
  1425    693
  1426    693
  1427    693
  1428    693
  1429    693
  1430    693
  1431    693
  1432    693
  1433    693
  1434    693
  1435    693
  1436    693
  1437    693
  1438    693
  1439    693
  1440    693
  1441    693
  1442    693
  1443    693
  1444    693
  1445    693
  1446    693
  1447    693
  1448    693
  1449    693
  1450    693
  1451    693
  1452    693
  1453    693
  1454    693
  1455    693
  1456    693
  1457    693
  1458    693
  1459    693
  1460    693
  1461    693
  1462    693
  1463    693
  1464    693
  1465    693
  1466    693
  1467    693
  1468    693
  1469    693
  1470    693
  1471    693
  1472    693
  1473    693
  1474    693
  1475    693
  1476    693
  1477    693
  1478    693
  1479    693
  1480    693
  1481    693
  1482    693
  1483    693
  1484    693
  1485    693
  1486    693
  1487    693
  1488    693
  1489    693
  1490    693
  1512    693
  1513    693
  1514    693
  1515    693
  1516    693
  1517    693
  1518    693
  1519    693
  1520    693
  1521    693
  1522    693
  1523    693
  1524    693
  1525    693
  1526    693
  1527    693
  1528    693
  1529    693
  1530    693
  1531    693
  1532    693
  1535    693
  1536    693
  1537    693
  1538    693
  1539    693
  1543    693
  1544    693
  1545    693
  1736    693
  1746    693
  1747    693
  1748    693
  1749    693
  1750    693
  1751    693
  1752    693
  1753    693
  1754    693
  1764    693
  1765    693
  1766    693
  1774    693
  1775    693
  1776    693
  1043    694
  1045    694
  1046    694
  1047    694
  1048    694
  1049    694
  1050    694
  1051    694
  1052    694
  1053    694
  1281    694
  1282    694
  1283    694
  1284    694
  1285    694
  1286    694
  1287    694
  1288    694
  1289    694
  1290    694
  1291    694
  1292    694
  1294    694
  1295    694
  1296    694
  1297    694
  1298    694
  1299    694
  1300    694
  1301    694
  1302    694
  1303    694
  1304    694
  1305    694
  1306    694
  1307    694
  1308    694
  1309    694
  1310    694
  1311    694
  1312    694
  1328    694
  1329    694
  1330    694
  1331    694
  1332    694
  1333    694
  1334    694
  1335    694
  1336    694
  1337    694
  1338    694
  1339    694
  1344    694
  1345    694
  1346    694
  1347    694
  1348    694
  1349    694
  1350    694
  1351    694
  1352    694
  1353    694
  1354    694
  1355    694
  1356    694
  1357    694
  1358    694
  1359    694
  1360    694
  1361    694
  1362    694
  1363    694
  1364    694
  1365    694
  1366    694
  1367    694
  1368    694
  1369    694
  1370    694
  1371    694
  1372    694
  1373    694
  1374    694
  1375    694
  1376    694
  1377    694
  1378    694
  1379    694
  1380    694
  1381    694
  1382    694
  1383    694
  1384    694
  1385    694
  1386    694
  1387    694
  1388    694
  1389    694
  1390    694
  1391    694
  1392    694
  1393    694
  1394    694
  1395    694
  1396    694
  1397    694
  1398    694
  1399    694
  1400    694
  1401    694
  1402    694
  1403    694
  1404    694
  1405    694
  1406    694
  1407    694
  1408    694
  1409    694
  1410    694
  1411    694
  1412    694
  1413    694
  1414    694
  1415    694
  1416    694
  1417    694
  1418    694
  1419    694
  1420    694
  1421    694
  1422    694
  1423    694
  1424    694
  1425    694
  1426    694
  1427    694
  1428    694
  1429    694
  1430    694
  1431    694
  1432    694
  1433    694
  1434    694
  1435    694
  1436    694
  1437    694
  1438    694
  1439    694
  1440    694
  1441    694
  1442    694
  1443    694
  1444    694
  1445    694
  1446    694
  1447    694
  1448    694
  1449    694
  1450    694
  1451    694
  1452    694
  1453    694
  1454    694
  1455    694
  1456    694
  1457    694
  1458    694
  1459    694
  1460    694
  1461    694
  1462    694
  1463    694
  1464    694
  1465    694
  1472    694
  1473    694
  1474    694
  1475    694
  1476    694
  1477    694
  1478    694
  1479    694
  1480    694
  1481    694
  1482    694
  1483    694
  1484    694
  1485    694
  1487    694
  1488    694
  1489    694
  1490    694
  1491    694
  1492    694
  1493    694
  1494    694
  1495    694
  1497    694
  1498    694
  1499    694
  1500    694
  1501    694
  1502    694
  1503    694
  1504    694
  1505    694
  1509    694
  1510    694
  1511    694
  1517    694
  1518    694
  1519    694
  1520    694
  1536    694
  1537    694
  1748    694
  1749    694
  1750    694
  1751    694
  1752    694
  1753    694
  1754    694
  1755    694
  1756    694
  1776    694
  1777    694
  1778    694
  1779    694
  1019    695
  1020    695
  1021    695
  1022    695
  1023    695
  1024    695
  1051    695
  1136    695
  1137    695
  1138    695
  1139    695
  1255    695
  1256    695
  1257    695
  1262    695
  1263    695
  1279    695
  1280    695
  1281    695
  1282    695
  1283    695
  1284    695
  1285    695
  1286    695
  1287    695
  1288    695
  1289    695
  1290    695
  1291    695
  1292    695
  1293    695
  1294    695
  1295    695
  1296    695
  1297    695
  1298    695
  1300    695
  1301    695
  1302    695
  1303    695
  1304    695
  1305    695
  1306    695
  1307    695
  1308    695
  1309    695
  1316    695
  1317    695
  1322    695
  1323    695
  1324    695
  1325    695
  1326    695
  1327    695
  1328    695
  1329    695
  1330    695
  1331    695
  1332    695
  1333    695
  1334    695
  1335    695
  1336    695
  1337    695
  1338    695
  1339    695
  1340    695
  1341    695
  1342    695
  1343    695
  1344    695
  1345    695
  1346    695
  1347    695
  1348    695
  1349    695
  1350    695
  1351    695
  1352    695
  1353    695
  1354    695
  1355    695
  1356    695
  1357    695
  1358    695
  1359    695
  1360    695
  1361    695
  1362    695
  1363    695
  1364    695
  1365    695
  1366    695
  1367    695
  1368    695
  1369    695
  1370    695
  1371    695
  1372    695
  1373    695
  1374    695
  1375    695
  1376    695
  1377    695
  1378    695
  1379    695
  1380    695
  1381    695
  1382    695
  1383    695
  1384    695
  1385    695
  1386    695
  1387    695
  1388    695
  1389    695
  1390    695
  1391    695
  1392    695
  1393    695
  1394    695
  1395    695
  1396    695
  1397    695
  1398    695
  1399    695
  1400    695
  1401    695
  1402    695
  1403    695
  1404    695
  1405    695
  1406    695
  1407    695
  1408    695
  1409    695
  1410    695
  1411    695
  1412    695
  1413    695
  1414    695
  1415    695
  1416    695
  1417    695
  1418    695
  1419    695
  1420    695
  1421    695
  1422    695
  1423    695
  1424    695
  1425    695
  1426    695
  1427    695
  1428    695
  1429    695
  1430    695
  1431    695
  1432    695
  1433    695
  1434    695
  1435    695
  1436    695
  1437    695
  1438    695
  1439    695
  1440    695
  1441    695
  1442    695
  1443    695
  1444    695
  1445    695
  1446    695
  1447    695
  1448    695
  1449    695
  1450    695
  1451    695
  1452    695
  1459    695
  1460    695
  1461    695
  1462    695
  1463    695
  1464    695
  1465    695
  1466    695
  1467    695
  1468    695
  1469    695
  1470    695
  1471    695
  1472    695
  1473    695
  1474    695
  1475    695
  1476    695
  1477    695
  1478    695
  1479    695
  1480    695
  1481    695
  1482    695
  1483    695
  1486    695
  1487    695
  1488    695
  1491    695
  1493    695
  1494    695
  1495    695
  1496    695
  1507    695
  1508    695
  1509    695
  1510    695
  1511    695
  1512    695
  1513    695
  1751    695
  1752    695
  1753    695
  1754    695
  1755    695
  1756    695
  1757    695
  1758    695
  1759    695
  1766    695
  1767    695
  1768    695
  1769    695
  1770    695
  1771    695
  1772    695
  1773    695
  1774    695
  1777    695
  1778    695
  1779    695
  1000    696
  1001    696
  1002    696
  1003    696
  1004    696
  1005    696
  1006    696
  1007    696
  1008    696
  1009    696
  1010    696
  1011    696
  1017    696
  1018    696
  1019    696
  1020    696
  1021    696
  1022    696
  1023    696
  1024    696
  1025    696
  1026    696
  1027    696
  1057    696
  1058    696
  1059    696
  1130    696
  1131    696
  1132    696
  1133    696
  1134    696
  1135    696
  1136    696
  1137    696
  1138    696
  1139    696
  1140    696
  1142    696
  1143    696
  1144    696
  1249    696
  1250    696
  1251    696
  1252    696
  1253    696
  1254    696
  1255    696
  1256    696
  1257    696
  1258    696
  1259    696
  1260    696
  1261    696
  1262    696
  1263    696
  1264    696
  1265    696
  1266    696
  1267    696
  1268    696
  1269    696
  1270    696
  1271    696
  1272    696
  1273    696
  1274    696
  1275    696
  1276    696
  1277    696
  1281    696
  1282    696
  1283    696
  1284    696
  1286    696
  1287    696
  1288    696
  1289    696
  1290    696
  1291    696
  1292    696
  1293    696
  1294    696
  1295    696
  1296    696
  1297    696
  1298    696
  1299    696
  1300    696
  1301    696
  1302    696
  1303    696
  1304    696
  1305    696
  1306    696
  1307    696
  1308    696
  1309    696
  1310    696
  1311    696
  1312    696
  1313    696
  1314    696
  1315    696
  1316    696
  1317    696
  1318    696
  1319    696
  1320    696
  1321    696
  1322    696
  1323    696
  1324    696
  1325    696
  1326    696
  1327    696
  1328    696
  1329    696
  1330    696
  1331    696
  1332    696
  1333    696
  1334    696
  1335    696
  1336    696
  1337    696
  1338    696
  1339    696
  1340    696
  1341    696
  1342    696
  1343    696
  1344    696
  1345    696
  1346    696
  1347    696
  1348    696
  1349    696
  1350    696
  1351    696
  1352    696
  1353    696
  1354    696
  1355    696
  1356    696
  1357    696
  1358    696
  1359    696
  1360    696
  1361    696
  1362    696
  1363    696
  1364    696
  1365    696
  1366    696
  1367    696
  1368    696
  1369    696
  1370    696
  1371    696
  1372    696
  1373    696
  1374    696
  1375    696
  1376    696
  1377    696
  1378    696
  1379    696
  1380    696
  1381    696
  1382    696
  1383    696
  1384    696
  1385    696
  1386    696
  1387    696
  1388    696
  1389    696
  1390    696
  1391    696
  1392    696
  1393    696
  1394    696
  1395    696
  1396    696
  1397    696
  1398    696
  1399    696
  1400    696
  1401    696
  1402    696
  1403    696
  1404    696
  1405    696
  1406    696
  1407    696
  1408    696
  1409    696
  1410    696
  1411    696
  1412    696
  1413    696
  1414    696
  1415    696
  1416    696
  1417    696
  1418    696
  1419    696
  1420    696
  1421    696
  1422    696
  1423    696
  1424    696
  1425    696
  1426    696
  1427    696
  1428    696
  1429    696
  1430    696
  1431    696
  1432    696
  1433    696
  1434    696
  1435    696
  1436    696
  1437    696
  1438    696
  1439    696
  1440    696
  1448    696
  1449    696
  1450    696
  1451    696
  1452    696
  1453    696
  1454    696
  1455    696
  1456    696
  1457    696
  1458    696
  1459    696
  1460    696
  1461    696
  1462    696
  1463    696
  1464    696
  1465    696
  1466    696
  1467    696
  1468    696
  1469    696
  1470    696
  1471    696
  1472    696
  1473    696
  1474    696
  1506    696
  1507    696
  1508    696
  1509    696
  1739    696
  1740    696
  1741    696
  1742    696
  1743    696
  1744    696
  1745    696
  1746    696
  1747    696
  1748    696
  1753    696
  1754    696
  1755    696
  1756    696
  1757    696
  1758    696
  1759    696
  1760    696
  1761    696
  1762    696
  1766    696
  1767    696
  1768    696
  1769    696
  1770    696
  1771    696
  1772    696
  1773    696
  1774    696
  1775    696
  1776    696
  1777    696
   977    697
   978    697
   979    697
   980    697
   981    697
   982    697
   983    697
   984    697
   985    697
   986    697
   987    697
   988    697
   989    697
   990    697
   991    697
   992    697
   993    697
   994    697
   995    697
   996    697
   997    697
   998    697
   999    697
  1014    697
  1015    697
  1016    697
  1017    697
  1018    697
  1019    697
  1023    697
  1024    697
  1025    697
  1087    697
  1088    697
  1089    697
  1100    697
  1101    697
  1102    697
  1125    697
  1126    697
  1127    697
  1128    697
  1130    697
  1131    697
  1132    697
  1133    697
  1134    697
  1135    697
  1136    697
  1137    697
  1138    697
  1139    697
  1141    697
  1142    697
  1143    697
  1209    697
  1210    697
  1215    697
  1218    697
  1219    697
  1228    697
  1229    697
  1248    697
  1249    697
  1250    697
  1251    697
  1252    697
  1253    697
  1254    697
  1255    697
  1256    697
  1257    697
  1258    697
  1259    697
  1260    697
  1261    697
  1262    697
  1263    697
  1264    697
  1265    697
  1266    697
  1267    697
  1268    697
  1269    697
  1270    697
  1271    697
  1277    697
  1278    697
  1279    697
  1280    697
  1281    697
  1282    697
  1283    697
  1284    697
  1285    697
  1286    697
  1287    697
  1288    697
  1289    697
  1290    697
  1291    697
  1292    697
  1293    697
  1294    697
  1295    697
  1296    697
  1297    697
  1298    697
  1299    697
  1300    697
  1301    697
  1302    697
  1303    697
  1304    697
  1305    697
  1306    697
  1307    697
  1308    697
  1309    697
  1310    697
  1311    697
  1312    697
  1313    697
  1314    697
  1315    697
  1316    697
  1317    697
  1318    697
  1319    697
  1320    697
  1321    697
  1322    697
  1323    697
  1324    697
  1325    697
  1326    697
  1327    697
  1328    697
  1329    697
  1330    697
  1331    697
  1332    697
  1333    697
  1334    697
  1335    697
  1336    697
  1337    697
  1338    697
  1339    697
  1340    697
  1341    697
  1342    697
  1343    697
  1344    697
  1345    697
  1346    697
  1347    697
  1348    697
  1349    697
  1350    697
  1351    697
  1352    697
  1353    697
  1354    697
  1355    697
  1356    697
  1357    697
  1358    697
  1359    697
  1360    697
  1361    697
  1362    697
  1363    697
  1364    697
  1365    697
  1366    697
  1367    697
  1368    697
  1369    697
  1370    697
  1371    697
  1372    697
  1373    697
  1374    697
  1375    697
  1376    697
  1377    697
  1378    697
  1379    697
  1380    697
  1381    697
  1382    697
  1383    697
  1384    697
  1385    697
  1386    697
  1387    697
  1388    697
  1389    697
  1390    697
  1391    697
  1392    697
  1393    697
  1394    697
  1395    697
  1396    697
  1397    697
  1398    697
  1399    697
  1400    697
  1401    697
  1402    697
  1403    697
  1404    697
  1405    697
  1406    697
  1407    697
  1408    697
  1409    697
  1410    697
  1411    697
  1412    697
  1413    697
  1414    697
  1415    697
  1416    697
  1417    697
  1418    697
  1421    697
  1422    697
  1423    697
  1424    697
  1425    697
  1426    697
  1427    697
  1428    697
  1429    697
  1430    697
  1431    697
  1432    697
  1433    697
  1434    697
  1435    697
  1436    697
  1437    697
  1438    697
  1439    697
  1440    697
  1441    697
  1444    697
  1445    697
  1446    697
  1447    697
  1448    697
  1449    697
  1450    697
  1451    697
  1452    697
  1453    697
  1454    697
  1455    697
  1468    697
  1469    697
  1470    697
  1471    697
  1472    697
  1473    697
  1742    697
  1743    697
  1744    697
  1745    697
  1746    697
  1747    697
  1748    697
  1749    697
  1750    697
  1751    697
  1757    697
  1758    697
  1759    697
  1760    697
  1761    697
  1762    697
  1763    697
  1764    697
  1765    697
  1771    697
  1772    697
  1773    697
  1774    697
  1775    697
  1776    697
  1777    697
  1778    697
  1779    697
  1780    697
  1781    697
   950    698
   951    698
   952    698
   953    698
   955    698
   956    698
   957    698
   958    698
   959    698
   962    698
   964    698
   965    698
   966    698
   971    698
   972    698
   973    698
   974    698
   975    698
   980    698
   981    698
   982    698
   983    698
   984    698
   985    698
   986    698
   987    698
   988    698
  1010    698
  1012    698
  1013    698
  1060    698
  1061    698
  1062    698
  1063    698
  1064    698
  1067    698
  1068    698
  1069    698
  1087    698
  1088    698
  1089    698
  1090    698
  1091    698
  1092    698
  1093    698
  1133    698
  1134    698
  1135    698
  1183    698
  1184    698
  1185    698
  1186    698
  1187    698
  1188    698
  1189    698
  1190    698
  1191    698
  1192    698
  1193    698
  1194    698
  1195    698
  1196    698
  1197    698
  1198    698
  1199    698
  1200    698
  1201    698
  1202    698
  1209    698
  1210    698
  1211    698
  1212    698
  1213    698
  1214    698
  1215    698
  1216    698
  1217    698
  1218    698
  1219    698
  1220    698
  1221    698
  1222    698
  1223    698
  1224    698
  1225    698
  1226    698
  1227    698
  1228    698
  1229    698
  1230    698
  1231    698
  1232    698
  1233    698
  1234    698
  1235    698
  1236    698
  1237    698
  1238    698
  1239    698
  1240    698
  1241    698
  1242    698
  1243    698
  1244    698
  1245    698
  1246    698
  1247    698
  1248    698
  1249    698
  1250    698
  1251    698
  1252    698
  1253    698
  1254    698
  1255    698
  1256    698
  1257    698
  1258    698
  1259    698
  1260    698
  1261    698
  1262    698
  1263    698
  1264    698
  1265    698
  1266    698
  1267    698
  1268    698
  1269    698
  1270    698
  1271    698
  1272    698
  1273    698
  1274    698
  1275    698
  1276    698
  1277    698
  1278    698
  1279    698
  1280    698
  1281    698
  1282    698
  1283    698
  1284    698
  1285    698
  1286    698
  1287    698
  1288    698
  1289    698
  1290    698
  1291    698
  1292    698
  1293    698
  1294    698
  1295    698
  1296    698
  1297    698
  1298    698
  1299    698
  1300    698
  1301    698
  1302    698
  1303    698
  1304    698
  1305    698
  1306    698
  1307    698
  1308    698
  1309    698
  1310    698
  1311    698
  1312    698
  1313    698
  1314    698
  1315    698
  1316    698
  1317    698
  1318    698
  1319    698
  1320    698
  1321    698
  1322    698
  1323    698
  1324    698
  1325    698
  1326    698
  1327    698
  1328    698
  1329    698
  1330    698
  1331    698
  1332    698
  1333    698
  1334    698
  1335    698
  1336    698
  1337    698
  1338    698
  1339    698
  1340    698
  1341    698
  1342    698
  1343    698
  1344    698
  1345    698
  1346    698
  1347    698
  1348    698
  1349    698
  1350    698
  1351    698
  1352    698
  1353    698
  1354    698
  1355    698
  1356    698
  1357    698
  1358    698
  1359    698
  1360    698
  1361    698
  1362    698
  1363    698
  1364    698
  1365    698
  1366    698
  1367    698
  1368    698
  1369    698
  1370    698
  1371    698
  1372    698
  1373    698
  1374    698
  1375    698
  1376    698
  1377    698
  1378    698
  1379    698
  1380    698
  1381    698
  1382    698
  1383    698
  1384    698
  1385    698
  1386    698
  1387    698
  1388    698
  1389    698
  1390    698
  1391    698
  1392    698
  1393    698
  1394    698
  1395    698
  1396    698
  1397    698
  1398    698
  1399    698
  1400    698
  1401    698
  1402    698
  1403    698
  1404    698
  1405    698
  1406    698
  1407    698
  1408    698
  1409    698
  1410    698
  1411    698
  1412    698
  1413    698
  1414    698
  1415    698
  1416    698
  1417    698
  1418    698
  1419    698
  1420    698
  1421    698
  1422    698
  1423    698
  1424    698
  1425    698
  1426    698
  1427    698
  1428    698
  1429    698
  1430    698
  1431    698
  1432    698
  1433    698
  1434    698
  1435    698
  1436    698
  1437    698
  1438    698
  1439    698
  1445    698
  1446    698
  1447    698
  1746    698
  1747    698
  1748    698
  1749    698
  1750    698
  1751    698
  1752    698
  1753    698
  1754    698
  1755    698
  1760    698
  1761    698
  1762    698
  1763    698
  1764    698
  1765    698
  1766    698
  1767    698
  1768    698
  1769    698
  1774    698
  1775    698
  1776    698
  1777    698
  1778    698
  1779    698
  1780    698
  1781    698
  1782    698
  1783    698
  1784    698
   943    699
   944    699
   945    699
   946    699
   947    699
   948    699
   949    699
   950    699
   951    699
   952    699
   953    699
   954    699
   955    699
   956    699
   957    699
   958    699
   959    699
   960    699
   961    699
   962    699
   963    699
   964    699
   965    699
   966    699
   967    699
   968    699
   969    699
   970    699
   971    699
   972    699
   973    699
   974    699
   975    699
   976    699
   978    699
   979    699
   980    699
   981    699
   982    699
   983    699
   984    699
  1053    699
  1054    699
  1055    699
  1056    699
  1057    699
  1058    699
  1059    699
  1060    699
  1061    699
  1062    699
  1063    699
  1064    699
  1065    699
  1066    699
  1067    699
  1068    699
  1069    699
  1070    699
  1130    699
  1131    699
  1132    699
  1133    699
  1139    699
  1140    699
  1141    699
  1142    699
  1144    699
  1145    699
  1146    699
  1147    699
  1157    699
  1158    699
  1159    699
  1160    699
  1182    699
  1183    699
  1184    699
  1185    699
  1186    699
  1187    699
  1188    699
  1189    699
  1190    699
  1191    699
  1192    699
  1193    699
  1194    699
  1195    699
  1196    699
  1197    699
  1198    699
  1199    699
  1200    699
  1201    699
  1206    699
  1207    699
  1208    699
  1209    699
  1210    699
  1211    699
  1212    699
  1213    699
  1214    699
  1215    699
  1216    699
  1217    699
  1218    699
  1219    699
  1220    699
  1221    699
  1222    699
  1223    699
  1224    699
  1225    699
  1226    699
  1227    699
  1228    699
  1229    699
  1230    699
  1231    699
  1232    699
  1233    699
  1234    699
  1235    699
  1236    699
  1237    699
  1238    699
  1239    699
  1240    699
  1241    699
  1242    699
  1243    699
  1244    699
  1245    699
  1246    699
  1247    699
  1248    699
  1249    699
  1250    699
  1251    699
  1252    699
  1253    699
  1254    699
  1255    699
  1256    699
  1257    699
  1258    699
  1259    699
  1260    699
  1261    699
  1262    699
  1263    699
  1264    699
  1265    699
  1266    699
  1267    699
  1268    699
  1269    699
  1270    699
  1271    699
  1272    699
  1273    699
  1274    699
  1275    699
  1276    699
  1277    699
  1278    699
  1279    699
  1280    699
  1281    699
  1282    699
  1283    699
  1284    699
  1285    699
  1286    699
  1287    699
  1288    699
  1289    699
  1290    699
  1291    699
  1292    699
  1293    699
  1294    699
  1295    699
  1296    699
  1297    699
  1298    699
  1299    699
  1300    699
  1301    699
  1302    699
  1303    699
  1304    699
  1305    699
  1306    699
  1307    699
  1308    699
  1309    699
  1310    699
  1311    699
  1312    699
  1313    699
  1314    699
  1315    699
  1316    699
  1317    699
  1318    699
  1319    699
  1320    699
  1321    699
  1322    699
  1323    699
  1324    699
  1325    699
  1326    699
  1327    699
  1328    699
  1329    699
  1330    699
  1331    699
  1332    699
  1333    699
  1334    699
  1335    699
  1336    699
  1337    699
  1338    699
  1339    699
  1340    699
  1341    699
  1342    699
  1343    699
  1344    699
  1345    699
  1346    699
  1347    699
  1348    699
  1349    699
  1350    699
  1351    699
  1365    699
  1366    699
  1367    699
  1368    699
  1369    699
  1370    699
  1371    699
  1372    699
  1373    699
  1374    699
  1375    699
  1376    699
  1377    699
  1378    699
  1379    699
  1380    699
  1381    699
  1382    699
  1383    699
  1384    699
  1385    699
  1387    699
  1388    699
  1389    699
  1390    699
  1391    699
  1392    699
  1393    699
  1394    699
  1395    699
  1396    699
  1397    699
  1398    699
  1399    699
  1400    699
  1401    699
  1402    699
  1403    699
  1404    699
  1405    699
  1406    699
  1407    699
  1408    699
  1409    699
  1410    699
  1411    699
  1412    699
  1413    699
  1414    699
  1415    699
  1416    699
  1417    699
  1418    699
  1419    699
  1420    699
  1421    699
  1422    699
  1423    699
  1424    699
  1425    699
  1426    699
  1427    699
  1428    699
  1429    699
  1430    699
  1431    699
  1432    699
  1433    699
  1436    699
  1437    699
  1438    699
  1439    699
  1748    699
  1749    699
  1750    699
  1751    699
  1752    699
  1753    699
  1754    699
  1755    699
  1756    699
  1757    699
  1764    699
  1765    699
  1766    699
  1767    699
  1768    699
  1769    699
  1770    699
  1771    699
  1772    699
  1773    699
  1780    699
  1781    699
  1782    699
  1783    699
  1784    699
  1785    699
  1786    699
  1787    699
  1788    699
  1789    699
  1790    699
   901    700
   902    700
   903    700
   904    700
   905    700
   906    700
   907    700
   908    700
   909    700
   910    700
   911    700
   912    700
   913    700
   917    700
   919    700
   920    700
   921    700
   922    700
   923    700
   924    700
   925    700
   926    700
   927    700
   928    700
   929    700
   930    700
   931    700
   932    700
   933    700
   934    700
   935    700
   936    700
   937    700
   938    700
   939    700
   946    700
  1033    700
  1034    700
  1035    700
  1060    700
  1061    700
  1062    700
  1063    700
  1064    700
  1079    700
  1080    700
  1081    700
  1082    700
  1083    700
  1084    700
  1085    700
  1086    700
  1087    700
  1088    700
  1089    700
  1090    700
  1091    700
  1092    700
  1093    700
  1094    700
  1095    700
  1096    700
  1097    700
  1098    700
  1099    700
  1100    700
  1114    700
  1115    700
  1131    700
  1132    700
  1133    700
  1134    700
  1135    700
  1136    700
  1137    700
  1138    700
  1139    700
  1140    700
  1149    700
  1150    700
  1151    700
  1152    700
  1155    700
  1156    700
  1157    700
  1158    700
  1159    700
  1160    700
  1161    700
  1162    700
  1163    700
  1164    700
  1165    700
  1166    700
  1167    700
  1168    700
  1169    700
  1170    700
  1171    700
  1172    700
  1173    700
  1174    700
  1175    700
  1176    700
  1177    700
  1178    700
  1179    700
  1180    700
  1181    700
  1182    700
  1183    700
  1184    700
  1185    700
  1186    700
  1187    700
  1188    700
  1189    700
  1190    700
  1191    700
  1192    700
  1193    700
  1194    700
  1195    700
  1196    700
  1197    700
  1198    700
  1199    700
  1200    700
  1201    700
  1202    700
  1203    700
  1204    700
  1205    700
  1206    700
  1207    700
  1208    700
  1209    700
  1210    700
  1211    700
  1212    700
  1213    700
  1214    700
  1215    700
  1216    700
  1217    700
  1218    700
  1219    700
  1220    700
  1221    700
  1222    700
  1223    700
  1224    700
  1225    700
  1226    700
  1227    700
  1228    700
  1229    700
  1230    700
  1231    700
  1232    700
  1233    700
  1234    700
  1235    700
  1236    700
  1237    700
  1238    700
  1239    700
  1240    700
  1241    700
  1242    700
  1243    700
  1244    700
  1245    700
  1246    700
  1247    700
  1248    700
  1249    700
  1250    700
  1251    700
  1252    700
  1253    700
  1254    700
  1255    700
  1256    700
  1257    700
  1258    700
  1259    700
  1260    700
  1261    700
  1262    700
  1263    700
  1264    700
  1265    700
  1266    700
  1267    700
  1268    700
  1269    700
  1270    700
  1271    700
  1272    700
  1273    700
  1274    700
  1275    700
  1276    700
  1277    700
  1278    700
  1279    700
  1280    700
  1281    700
  1282    700
  1283    700
  1284    700
  1285    700
  1286    700
  1287    700
  1288    700
  1289    700
  1290    700
  1291    700
  1292    700
  1293    700
  1294    700
  1295    700
  1296    700
  1297    700
  1298    700
  1299    700
  1300    700
  1301    700
  1302    700
  1303    700
  1304    700
  1305    700
  1306    700
  1307    700
  1308    700
  1309    700
  1310    700
  1311    700
  1312    700
  1313    700
  1314    700
  1315    700
  1316    700
  1317    700
  1318    700
  1319    700
  1320    700
  1321    700
  1322    700
  1323    700
  1324    700
  1325    700
  1326    700
  1327    700
  1328    700
  1329    700
  1330    700
  1331    700
  1332    700
  1333    700
  1334    700
  1335    700
  1336    700
  1350    700
  1353    700
  1354    700
  1355    700
  1356    700
  1357    700
  1358    700
  1359    700
  1360    700
  1361    700
  1362    700
  1363    700
  1364    700
  1365    700
  1366    700
  1367    700
  1368    700
  1369    700
  1370    700
  1371    700
  1372    700
  1373    700
  1374    700
  1375    700
  1376    700
  1377    700
  1383    700
  1384    700
  1385    700
  1386    700
  1387    700
  1388    700
  1389    700
  1390    700
  1391    700
  1392    700
  1393    700
  1394    700
  1395    700
  1396    700
  1397    700
  1398    700
  1399    700
  1400    700
  1401    700
  1402    700
  1403    700
  1404    700
  1405    700
  1406    700
  1407    700
  1408    700
  1409    700
  1410    700
  1411    700
  1412    700
  1413    700
  1414    700
  1415    700
  1416    700
  1417    700
  1418    700
  1419    700
  1420    700
  1421    700
  1422    700
  1423    700
  1424    700
  1425    700
  1426    700
  1752    700
  1753    700
  1754    700
  1755    700
  1756    700
  1757    700
  1758    700
  1759    700
  1760    700
  1761    700
  1768    700
  1769    700
  1770    700
  1771    700
  1772    700
  1773    700
  1774    700
  1775    700
  1776    700
  1777    700
  1778    700
  1779    700
  1784    700
  1785    700
  1786    700
  1787    700
  1788    700
  1789    700
  1790    700
  1791    700
  1792    700
  1793    700
  1794    700
  1795    700
  1796    700
   880    701
   881    701
   882    701
   883    701
   884    701
   885    701
   886    701
   887    701
   889    701
   890    701
   891    701
   892    701
   893    701
   894    701
   895    701
   896    701
   897    701
   898    701
   899    701
   900    701
   901    701
   902    701
   903    701
   904    701
   905    701
   906    701
   907    701
   912    701
   926    701
   927    701
   954    701
   955    701
   956    701
   961    701
   962    701
  1011    701
  1012    701
  1013    701
  1014    701
  1015    701
  1016    701
  1034    701
  1035    701
  1036    701
  1037    701
  1038    701
  1042    701
  1043    701
  1044    701
  1045    701
  1046    701
  1047    701
  1048    701
  1049    701
  1050    701
  1051    701
  1052    701
  1053    701
  1054    701
  1055    701
  1056    701
  1057    701
  1058    701
  1059    701
  1060    701
  1061    701
  1062    701
  1063    701
  1064    701
  1065    701
  1066    701
  1067    701
  1068    701
  1069    701
  1070    701
  1086    701
  1087    701
  1088    701
  1089    701
  1090    701
  1091    701
  1092    701
  1093    701
  1094    701
  1097    701
  1098    701
  1099    701
  1113    701
  1114    701
  1115    701
  1116    701
  1117    701
  1118    701
  1119    701
  1120    701
  1121    701
  1122    701
  1123    701
  1124    701
  1125    701
  1126    701
  1127    701
  1128    701
  1129    701
  1130    701
  1131    701
  1132    701
  1133    701
  1134    701
  1135    701
  1136    701
  1137    701
  1138    701
  1139    701
  1140    701
  1141    701
  1142    701
  1143    701
  1145    701
  1146    701
  1147    701
  1148    701
  1149    701
  1158    701
  1159    701
  1160    701
  1170    701
  1171    701
  1174    701
  1175    701
  1176    701
  1177    701
  1178    701
  1179    701
  1180    701
  1181    701
  1182    701
  1183    701
  1184    701
  1185    701
  1186    701
  1187    701
  1188    701
  1189    701
  1190    701
  1191    701
  1192    701
  1193    701
  1194    701
  1195    701
  1196    701
  1197    701
  1198    701
  1199    701
  1200    701
  1201    701
  1202    701
  1203    701
  1204    701
  1205    701
  1206    701
  1207    701
  1208    701
  1209    701
  1210    701
  1211    701
  1212    701
  1213    701
  1214    701
  1215    701
  1216    701
  1217    701
  1218    701
  1219    701
  1220    701
  1221    701
  1222    701
  1223    701
  1224    701
  1225    701
  1226    701
  1227    701
  1228    701
  1229    701
  1230    701
  1231    701
  1232    701
  1233    701
  1234    701
  1235    701
  1236    701
  1237    701
  1238    701
  1239    701
  1240    701
  1241    701
  1242    701
  1243    701
  1244    701
  1245    701
  1246    701
  1247    701
  1248    701
  1249    701
  1250    701
  1251    701
  1252    701
  1253    701
  1254    701
  1255    701
  1256    701
  1257    701
  1258    701
  1259    701
  1260    701
  1261    701
  1262    701
  1263    701
  1264    701
  1265    701
  1266    701
  1267    701
  1268    701
  1269    701
  1270    701
  1271    701
  1272    701
  1273    701
  1274    701
  1275    701
  1276    701
  1277    701
  1278    701
  1279    701
  1280    701
  1281    701
  1282    701
  1283    701
  1284    701
  1285    701
  1286    701
  1287    701
  1288    701
  1289    701
  1290    701
  1291    701
  1292    701
  1293    701
  1294    701
  1295    701
  1296    701
  1297    701
  1298    701
  1299    701
  1300    701
  1301    701
  1302    701
  1303    701
  1304    701
  1305    701
  1306    701
  1307    701
  1308    701
  1309    701
  1310    701
  1311    701
  1312    701
  1313    701
  1314    701
  1315    701
  1316    701
  1317    701
  1318    701
  1340    701
  1341    701
  1342    701
  1343    701
  1344    701
  1345    701
  1346    701
  1347    701
  1348    701
  1349    701
  1350    701
  1351    701
  1352    701
  1353    701
  1354    701
  1355    701
  1356    701
  1357    701
  1358    701
  1359    701
  1360    701
  1366    701
  1367    701
  1368    701
  1369    701
  1370    701
  1371    701
  1372    701
  1373    701
  1374    701
  1375    701
  1376    701
  1377    701
  1378    701
  1379    701
  1380    701
  1381    701
  1382    701
  1383    701
  1384    701
  1385    701
  1386    701
  1387    701
  1388    701
  1397    701
  1398    701
  1399    701
  1406    701
  1407    701
  1755    701
  1756    701
  1757    701
  1758    701
  1759    701
  1760    701
  1761    701
  1762    701
  1763    701
  1764    701
  1765    701
  1773    701
  1774    701
  1775    701
  1776    701
  1777    701
  1778    701
  1779    701
  1780    701
  1781    701
  1782    701
  1783    701
  1790    701
  1791    701
  1792    701
  1793    701
  1794    701
  1795    701
  1796    701
  1797    701
  1798    701
  1799    701
  1800    701
  1801    701
  1802    701
   857    702
   858    702
   859    702
   860    702
   861    702
   862    702
   863    702
   864    702
   865    702
   866    702
   867    702
   871    702
   872    702
   878    702
   879    702
   880    702
   944    702
   946    702
   947    702
   948    702
   950    702
   951    702
   955    702
   956    702
   957    702
   958    702
   959    702
   960    702
   961    702
   962    702
   963    702
   964    702
   965    702
   966    702
   967    702
   968    702
   969    702
   971    702
   972    702
   973    702
   981    702
   982    702
   983    702
   988    702
   989    702
   990    702
   991    702
   998    702
   999    702
  1000    702
  1002    702
  1005    702
  1006    702
  1007    702
  1008    702
  1009    702
  1010    702
  1011    702
  1012    702
  1013    702
  1014    702
  1015    702
  1016    702
  1017    702
  1018    702
  1019    702
  1020    702
  1021    702
  1022    702
  1023    702
  1024    702
  1025    702
  1026    702
  1027    702
  1028    702
  1029    702
  1030    702
  1031    702
  1032    702
  1033    702
  1034    702
  1035    702
  1036    702
  1037    702
  1038    702
  1039    702
  1040    702
  1044    702
  1045    702
  1046    702
  1047    702
  1048    702
  1049    702
  1050    702
  1051    702
  1052    702
  1053    702
  1054    702
  1055    702
  1056    702
  1057    702
  1058    702
  1059    702
  1060    702
  1061    702
  1062    702
  1063    702
  1064    702
  1065    702
  1066    702
  1067    702
  1068    702
  1069    702
  1070    702
  1071    702
  1072    702
  1073    702
  1074    702
  1075    702
  1077    702
  1078    702
  1079    702
  1080    702
  1081    702
  1082    702
  1083    702
  1084    702
  1085    702
  1086    702
  1087    702
  1088    702
  1089    702
  1090    702
  1091    702
  1092    702
  1093    702
  1094    702
  1095    702
  1097    702
  1098    702
  1099    702
  1103    702
  1105    702
  1106    702
  1107    702
  1108    702
  1109    702
  1110    702
  1111    702
  1112    702
  1113    702
  1114    702
  1115    702
  1116    702
  1117    702
  1118    702
  1119    702
  1120    702
  1121    702
  1122    702
  1123    702
  1124    702
  1125    702
  1126    702
  1127    702
  1128    702
  1129    702
  1130    702
  1131    702
  1132    702
  1133    702
  1134    702
  1135    702
  1136    702
  1137    702
  1140    702
  1141    702
  1142    702
  1143    702
  1144    702
  1148    702
  1149    702
  1150    702
  1151    702
  1155    702
  1156    702
  1157    702
  1158    702
  1159    702
  1160    702
  1161    702
  1162    702
  1163    702
  1164    702
  1165    702
  1166    702
  1167    702
  1168    702
  1169    702
  1170    702
  1171    702
  1172    702
  1173    702
  1174    702
  1175    702
  1176    702
  1177    702
  1178    702
  1179    702
  1180    702
  1181    702
  1182    702
  1183    702
  1184    702
  1185    702
  1186    702
  1187    702
  1188    702
  1189    702
  1190    702
  1191    702
  1192    702
  1193    702
  1194    702
  1195    702
  1196    702
  1197    702
  1198    702
  1199    702
  1200    702
  1201    702
  1202    702
  1203    702
  1204    702
  1205    702
  1206    702
  1207    702
  1208    702
  1209    702
  1210    702
  1211    702
  1212    702
  1213    702
  1214    702
  1215    702
  1216    702
  1217    702
  1218    702
  1219    702
  1220    702
  1221    702
  1222    702
  1223    702
  1224    702
  1225    702
  1226    702
  1227    702
  1228    702
  1229    702
  1230    702
  1231    702
  1232    702
  1233    702
  1234    702
  1235    702
  1236    702
  1237    702
  1238    702
  1239    702
  1240    702
  1241    702
  1242    702
  1243    702
  1244    702
  1245    702
  1246    702
  1247    702
  1248    702
  1249    702
  1250    702
  1251    702
  1252    702
  1253    702
  1254    702
  1255    702
  1256    702
  1257    702
  1258    702
  1259    702
  1260    702
  1261    702
  1262    702
  1263    702
  1264    702
  1265    702
  1266    702
  1267    702
  1268    702
  1269    702
  1270    702
  1271    702
  1272    702
  1273    702
  1274    702
  1275    702
  1276    702
  1277    702
  1278    702
  1279    702
  1280    702
  1281    702
  1282    702
  1283    702
  1284    702
  1285    702
  1286    702
  1287    702
  1288    702
  1289    702
  1290    702
  1291    702
  1292    702
  1293    702
  1296    702
  1297    702
  1298    702
  1299    702
  1300    702
  1301    702
  1302    702
  1303    702
  1304    702
  1305    702
  1306    702
  1307    702
  1308    702
  1309    702
  1310    702
  1311    702
  1312    702
  1313    702
  1314    702
  1329    702
  1330    702
  1331    702
  1332    702
  1333    702
  1334    702
  1335    702
  1336    702
  1337    702
  1338    702
  1339    702
  1340    702
  1341    702
  1342    702
  1343    702
  1344    702
  1345    702
  1346    702
  1347    702
  1348    702
  1349    702
  1350    702
  1351    702
  1352    702
  1353    702
  1354    702
  1355    702
  1356    702
  1357    702
  1358    702
  1359    702
  1360    702
  1361    702
  1362    702
  1363    702
  1365    702
  1366    702
  1367    702
  1368    702
  1369    702
  1370    702
  1371    702
  1372    702
  1373    702
  1374    702
  1375    702
  1376    702
  1377    702
  1378    702
  1383    702
  1760    702
  1761    702
  1762    702
  1763    702
  1764    702
  1765    702
  1766    702
  1767    702
  1768    702
  1769    702
  1770    702
  1771    702
  1778    702
  1779    702
  1780    702
  1781    702
  1782    702
  1783    702
  1784    702
  1785    702
  1786    702
  1787    702
  1788    702
  1797    702
  1798    702
  1799    702
  1800    702
  1801    702
  1802    702
  1803    702
  1804    702
  1805    702
  1806    702
  1807    702
  1808    702
  1809    702
   855    703
   856    703
   857    703
   858    703
   859    703
   860    703
   861    703
   862    703
   863    703
   864    703
   865    703
   866    703
   867    703
   868    703
   869    703
   870    703
   871    703
   872    703
   873    703
   874    703
   875    703
   876    703
   877    703
   878    703
   879    703
   880    703
   881    703
   882    703
   883    703
   884    703
   885    703
   886    703
   887    703
   888    703
   889    703
   890    703
   891    703
   892    703
   893    703
   894    703
   895    703
   896    703
   897    703
   898    703
   899    703
   900    703
   901    703
   902    703
   903    703
   904    703
   905    703
   906    703
   907    703
   908    703
   909    703
   910    703
   912    703
   913    703
   914    703
   919    703
   920    703
   921    703
   922    703
   923    703
   924    703
   925    703
   926    703
   927    703
   931    703
   932    703
   933    703
   934    703
   935    703
   936    703
   937    703
   938    703
   939    703
   940    703
   941    703
   942    703
   943    703
   944    703
   945    703
   946    703
   947    703
   948    703
   949    703
   950    703
   951    703
   952    703
   953    703
   954    703
   955    703
   956    703
   957    703
   958    703
   959    703
   960    703
   961    703
   962    703
   963    703
   964    703
   965    703
   966    703
   967    703
   968    703
   969    703
   970    703
   971    703
   972    703
   973    703
   974    703
   975    703
   976    703
   977    703
   978    703
   979    703
   980    703
   981    703
   999    703
  1000    703
  1001    703
  1002    703
  1003    703
  1004    703
  1005    703
  1006    703
  1007    703
  1008    703
  1009    703
  1010    703
  1011    703
  1012    703
  1013    703
  1014    703
  1015    703
  1016    703
  1017    703
  1018    703
  1019    703
  1020    703
  1021    703
  1022    703
  1023    703
  1024    703
  1025    703
  1026    703
  1027    703
  1028    703
  1029    703
  1030    703
  1031    703
  1032    703
  1033    703
  1034    703
  1035    703
  1036    703
  1037    703
  1038    703
  1039    703
  1040    703
  1041    703
  1042    703
  1043    703
  1044    703
  1045    703
  1046    703
  1047    703
  1048    703
  1049    703
  1050    703
  1051    703
  1052    703
  1053    703
  1054    703
  1055    703
  1056    703
  1057    703
  1058    703
  1059    703
  1060    703
  1061    703
  1062    703
  1063    703
  1064    703
  1065    703
  1096    703
  1097    703
  1098    703
  1102    703
  1104    703
  1105    703
  1106    703
  1107    703
  1108    703
  1109    703
  1110    703
  1111    703
  1112    703
  1113    703
  1114    703
  1115    703
  1116    703
  1117    703
  1118    703
  1119    703
  1120    703
  1121    703
  1122    703
  1123    703
  1124    703
  1125    703
  1126    703
  1127    703
  1128    703
  1129    703
  1130    703
  1131    703
  1132    703
  1133    703
  1134    703
  1135    703
  1136    703
  1137    703
  1138    703
  1139    703
  1140    703
  1141    703
  1142    703
  1143    703
  1144    703
  1145    703
  1146    703
  1147    703
  1148    703
  1149    703
  1150    703
  1151    703
  1152    703
  1153    703
  1154    703
  1155    703
  1156    703
  1157    703
  1158    703
  1159    703
  1160    703
  1161    703
  1162    703
  1163    703
  1164    703
  1165    703
  1166    703
  1167    703
  1168    703
  1169    703
  1170    703
  1171    703
  1172    703
  1173    703
  1174    703
  1175    703
  1176    703
  1177    703
  1178    703
  1179    703
  1180    703
  1181    703
  1182    703
  1183    703
  1184    703
  1185    703
  1186    703
  1187    703
  1188    703
  1189    703
  1190    703
  1191    703
  1192    703
  1193    703
  1194    703
  1195    703
  1196    703
  1197    703
  1198    703
  1199    703
  1200    703
  1201    703
  1202    703
  1203    703
  1204    703
  1205    703
  1206    703
  1207    703
  1208    703
  1209    703
  1210    703
  1211    703
  1212    703
  1213    703
  1214    703
  1215    703
  1216    703
  1217    703
  1218    703
  1219    703
  1220    703
  1221    703
  1222    703
  1223    703
  1224    703
  1225    703
  1226    703
  1227    703
  1228    703
  1229    703
  1230    703
  1231    703
  1232    703
  1233    703
  1234    703
  1235    703
  1236    703
  1237    703
  1238    703
  1239    703
  1240    703
  1241    703
  1242    703
  1243    703
  1244    703
  1245    703
  1246    703
  1247    703
  1248    703
  1249    703
  1250    703
  1251    703
  1252    703
  1253    703
  1254    703
  1255    703
  1256    703
  1257    703
  1258    703
  1259    703
  1260    703
  1261    703
  1262    703
  1263    703
  1264    703
  1265    703
  1266    703
  1267    703
  1268    703
  1269    703
  1270    703
  1271    703
  1272    703
  1273    703
  1276    703
  1277    703
  1278    703
  1279    703
  1280    703
  1281    703
  1282    703
  1283    703
  1284    703
  1285    703
  1286    703
  1287    703
  1288    703
  1289    703
  1290    703
  1291    703
  1292    703
  1293    703
  1294    703
  1295    703
  1296    703
  1297    703
  1298    703
  1299    703
  1300    703
  1301    703
  1302    703
  1303    703
  1304    703
  1305    703
  1306    703
  1307    703
  1308    703
  1316    703
  1317    703
  1318    703
  1319    703
  1320    703
  1321    703
  1322    703
  1323    703
  1324    703
  1325    703
  1326    703
  1327    703
  1328    703
  1329    703
  1330    703
  1331    703
  1332    703
  1333    703
  1334    703
  1335    703
  1336    703
  1337    703
  1338    703
  1339    703
  1340    703
  1341    703
  1342    703
  1343    703
  1344    703
  1345    703
  1346    703
  1347    703
  1348    703
  1349    703
  1350    703
  1351    703
  1352    703
  1353    703
  1354    703
  1355    703
  1356    703
  1357    703
  1358    703
  1359    703
  1360    703
  1361    703
  1362    703
  1364    703
  1365    703
  1366    703
  1765    703
  1766    703
  1767    703
  1768    703
  1769    703
  1770    703
  1771    703
  1772    703
  1773    703
  1774    703
  1775    703
  1784    703
  1785    703
  1786    703
  1787    703
  1788    703
  1789    703
  1790    703
  1791    703
  1792    703
  1793    703
  1794    703
  1803    703
  1804    703
  1805    703
  1806    703
  1807    703
  1808    703
  1809    703
  1810    703
  1811    703
  1812    703
  1813    703
   853    704
   854    704
   855    704
   856    704
   857    704
   858    704
   859    704
   860    704
   861    704
   862    704
   863    704
   864    704
   865    704
   866    704
   867    704
   868    704
   869    704
   870    704
   871    704
   872    704
   873    704
   874    704
   875    704
   876    704
   877    704
   878    704
   879    704
   880    704
   881    704
   882    704
   883    704
   884    704
   885    704
   886    704
   887    704
   888    704
   889    704
   890    704
   891    704
   892    704
   893    704
   894    704
   895    704
   896    704
   897    704
   898    704
   899    704
   900    704
   901    704
   902    704
   903    704
   904    704
   905    704
   906    704
   907    704
   908    704
   909    704
   910    704
   911    704
   912    704
   913    704
   914    704
   915    704
   916    704
   917    704
   918    704
   919    704
   920    704
   921    704
   922    704
   923    704
   924    704
   925    704
   926    704
   927    704
   928    704
   929    704
   930    704
   931    704
   932    704
   933    704
   934    704
   935    704
   936    704
   937    704
   938    704
   939    704
   940    704
   941    704
   942    704
   943    704
   944    704
   945    704
   946    704
   947    704
   948    704
   949    704
   950    704
   951    704
   952    704
   953    704
   983    704
   984    704
   985    704
   990    704
   991    704
   992    704
   993    704
   994    704
   995    704
   996    704
   997    704
   998    704
   999    704
  1000    704
  1001    704
  1002    704
  1003    704
  1004    704
  1005    704
  1006    704
  1007    704
  1008    704
  1009    704
  1010    704
  1011    704
  1012    704
  1013    704
  1014    704
  1015    704
  1016    704
  1017    704
  1018    704
  1019    704
  1020    704
  1021    704
  1022    704
  1023    704
  1024    704
  1025    704
  1026    704
  1027    704
  1028    704
  1029    704
  1030    704
  1031    704
  1032    704
  1033    704
  1034    704
  1035    704
  1036    704
  1037    704
  1038    704
  1039    704
  1040    704
  1041    704
  1042    704
  1043    704
  1056    704
  1057    704
  1058    704
  1059    704
  1060    704
  1061    704
  1062    704
  1063    704
  1069    704
  1070    704
  1071    704
  1072    704
  1073    704
  1074    704
  1075    704
  1076    704
  1077    704
  1078    704
  1079    704
  1080    704
  1081    704
  1082    704
  1083    704
  1084    704
  1085    704
  1086    704
  1087    704
  1088    704
  1089    704
  1090    704
  1091    704
  1092    704
  1093    704
  1094    704
  1095    704
  1096    704
  1097    704
  1098    704
  1099    704
  1100    704
  1101    704
  1102    704
  1103    704
  1104    704
  1105    704
  1106    704
  1107    704
  1108    704
  1109    704
  1110    704
  1111    704
  1112    704
  1113    704
  1114    704
  1115    704
  1116    704
  1117    704
  1118    704
  1119    704
  1120    704
  1121    704
  1122    704
  1123    704
  1124    704
  1125    704
  1126    704
  1127    704
  1128    704
  1129    704
  1130    704
  1131    704
  1132    704
  1133    704
  1134    704
  1135    704
  1136    704
  1137    704
  1138    704
  1139    704
  1140    704
  1141    704
  1142    704
  1143    704
  1144    704
  1145    704
  1146    704
  1147    704
  1148    704
  1149    704
  1150    704
  1151    704
  1152    704
  1153    704
  1154    704
  1155    704
  1156    704
  1157    704
  1158    704
  1159    704
  1160    704
  1161    704
  1162    704
  1163    704
  1164    704
  1165    704
  1166    704
  1167    704
  1168    704
  1169    704
  1170    704
  1171    704
  1172    704
  1173    704
  1174    704
  1175    704
  1176    704
  1177    704
  1178    704
  1179    704
  1180    704
  1181    704
  1182    704
  1183    704
  1184    704
  1185    704
  1186    704
  1187    704
  1188    704
  1189    704
  1190    704
  1191    704
  1192    704
  1193    704
  1194    704
  1195    704
  1196    704
  1197    704
  1198    704
  1199    704
  1200    704
  1201    704
  1202    704
  1203    704
  1204    704
  1205    704
  1206    704
  1207    704
  1208    704
  1209    704
  1210    704
  1211    704
  1212    704
  1213    704
  1214    704
  1215    704
  1216    704
  1217    704
  1218    704
  1219    704
  1220    704
  1221    704
  1222    704
  1223    704
  1224    704
  1225    704
  1226    704
  1227    704
  1228    704
  1229    704
  1230    704
  1231    704
  1232    704
  1233    704
  1234    704
  1235    704
  1236    704
  1237    704
  1238    704
  1239    704
  1240    704
  1241    704
  1242    704
  1243    704
  1244    704
  1245    704
  1246    704
  1247    704
  1248    704
  1266    704
  1267    704
  1268    704
  1271    704
  1272    704
  1273    704
  1274    704
  1276    704
  1277    704
  1278    704
  1279    704
  1280    704
  1281    704
  1282    704
  1283    704
  1284    704
  1285    704
  1306    704
  1307    704
  1308    704
  1309    704
  1310    704
  1311    704
  1312    704
  1313    704
  1314    704
  1315    704
  1316    704
  1317    704
  1318    704
  1319    704
  1320    704
  1321    704
  1322    704
  1323    704
  1324    704
  1325    704
  1326    704
  1327    704
  1328    704
  1330    704
  1331    704
  1332    704
  1333    704
  1334    704
  1335    704
  1336    704
  1337    704
  1338    704
  1339    704
  1340    704
  1341    704
  1342    704
  1343    704
  1344    704
  1345    704
  1346    704
  1347    704
  1348    704
  1349    704
  1350    704
  1351    704
  1352    704
  1353    704
  1770    704
  1771    704
  1772    704
  1773    704
  1774    704
  1775    704
  1776    704
  1777    704
  1778    704
  1779    704
  1780    704
  1781    704
  1782    704
  1790    704
  1791    704
  1792    704
  1793    704
  1794    704
  1795    704
  1796    704
  1797    704
  1798    704
  1799    704
  1800    704
  1801    704
   852    705
   853    705
   854    705
   855    705
   856    705
   857    705
   858    705
   859    705
   860    705
   861    705
   862    705
   863    705
   864    705
   865    705
   866    705
   867    705
   868    705
   869    705
   870    705
   871    705
   872    705
   873    705
   874    705
   875    705
   876    705
   877    705
   878    705
   879    705
   880    705
   881    705
   882    705
   883    705
   884    705
   885    705
   886    705
   887    705
   888    705
   889    705
   890    705
   891    705
   892    705
   893    705
   894    705
   895    705
   896    705
   897    705
   898    705
   899    705
   900    705
   901    705
   902    705
   903    705
   904    705
   905    705
   906    705
   907    705
   908    705
   909    705
   910    705
   911    705
   912    705
   913    705
   914    705
   915    705
   916    705
   917    705
   918    705
   919    705
   920    705
   921    705
   922    705
   923    705
   924    705
   960    705
   961    705
   962    705
   963    705
   964    705
   965    705
   966    705
   967    705
   968    705
   969    705
   970    705
   971    705
   972    705
   973    705
   974    705
   975    705
   976    705
   977    705
   978    705
   979    705
   980    705
   981    705
   982    705
   983    705
   984    705
   985    705
   986    705
   987    705
   988    705
   989    705
   990    705
   991    705
   992    705
   993    705
   994    705
   995    705
   996    705
   997    705
   998    705
   999    705
  1000    705
  1001    705
  1002    705
  1003    705
  1004    705
  1005    705
  1006    705
  1007    705
  1008    705
  1009    705
  1010    705
  1011    705
  1012    705
  1013    705
  1014    705
  1015    705
  1016    705
  1017    705
  1018    705
  1019    705
  1020    705
  1021    705
  1022    705
  1023    705
  1024    705
  1026    705
  1027    705
  1028    705
  1029    705
  1030    705
  1031    705
  1032    705
  1033    705
  1034    705
  1040    705
  1041    705
  1044    705
  1045    705
  1046    705
  1047    705
  1048    705
  1049    705
  1050    705
  1051    705
  1052    705
  1053    705
  1054    705
  1055    705
  1056    705
  1057    705
  1058    705
  1059    705
  1060    705
  1061    705
  1062    705
  1063    705
  1064    705
  1065    705
  1066    705
  1067    705
  1068    705
  1069    705
  1070    705
  1071    705
  1072    705
  1073    705
  1074    705
  1075    705
  1076    705
  1077    705
  1078    705
  1079    705
  1080    705
  1081    705
  1082    705
  1083    705
  1084    705
  1085    705
  1086    705
  1087    705
  1088    705
  1089    705
  1090    705
  1091    705
  1092    705
  1093    705
  1094    705
  1095    705
  1096    705
  1097    705
  1098    705
  1099    705
  1100    705
  1101    705
  1102    705
  1103    705
  1104    705
  1105    705
  1106    705
  1107    705
  1108    705
  1109    705
  1110    705
  1111    705
  1112    705
  1113    705
  1114    705
  1115    705
  1116    705
  1117    705
  1118    705
  1119    705
  1120    705
  1121    705
  1122    705
  1123    705
  1124    705
  1125    705
  1126    705
  1127    705
  1128    705
  1129    705
  1130    705
  1131    705
  1132    705
  1133    705
  1134    705
  1135    705
  1136    705
  1137    705
  1138    705
  1139    705
  1140    705
  1141    705
  1142    705
  1143    705
  1144    705
  1145    705
  1146    705
  1147    705
  1148    705
  1149    705
  1150    705
  1151    705
  1152    705
  1153    705
  1154    705
  1155    705
  1156    705
  1157    705
  1158    705
  1159    705
  1160    705
  1161    705
  1162    705
  1163    705
  1164    705
  1165    705
  1166    705
  1167    705
  1168    705
  1169    705
  1170    705
  1171    705
  1172    705
  1173    705
  1174    705
  1175    705
  1176    705
  1177    705
  1178    705
  1179    705
  1180    705
  1181    705
  1182    705
  1183    705
  1184    705
  1185    705
  1186    705
  1187    705
  1188    705
  1189    705
  1190    705
  1191    705
  1192    705
  1193    705
  1194    705
  1195    705
  1196    705
  1197    705
  1198    705
  1199    705
  1200    705
  1201    705
  1202    705
  1203    705
  1204    705
  1205    705
  1206    705
  1207    705
  1208    705
  1209    705
  1216    705
  1217    705
  1218    705
  1219    705
  1220    705
  1221    705
  1222    705
  1223    705
  1226    705
  1233    705
  1234    705
  1235    705
  1239    705
  1240    705
  1241    705
  1242    705
  1243    705
  1244    705
  1245    705
  1246    705
  1247    705
  1248    705
  1253    705
  1254    705
  1255    705
  1259    705
  1260    705
  1261    705
  1262    705
  1263    705
  1264    705
  1267    705
  1268    705
  1269    705
  1270    705
  1271    705
  1273    705
  1274    705
  1275    705
  1276    705
  1279    705
  1280    705
  1281    705
  1282    705
  1283    705
  1285    705
  1286    705
  1287    705
  1288    705
  1291    705
  1292    705
  1293    705
  1294    705
  1295    705
  1296    705
  1297    705
  1298    705
  1299    705
  1300    705
  1301    705
  1302    705
  1303    705
  1304    705
  1305    705
  1306    705
  1307    705
  1308    705
  1309    705
  1310    705
  1311    705
  1312    705
  1313    705
  1314    705
  1315    705
  1316    705
  1317    705
  1318    705
  1319    705
  1320    705
  1321    705
  1322    705
  1323    705
  1324    705
  1325    705
  1326    705
  1327    705
  1328    705
  1329    705
  1330    705
  1331    705
  1332    705
  1333    705
  1334    705
  1776    705
  1777    705
  1778    705
  1779    705
  1780    705
  1781    705
  1782    705
  1796    705
  1797    705
  1798    705
  1799    705
  1800    705
  1801    705
  1802    705
  1803    705
  1804    705
  1805    705
  1806    705
  1807    705
  1808    705
   850    706
   851    706
   852    706
   853    706
   854    706
   855    706
   856    706
   857    706
   858    706
   859    706
   860    706
   861    706
   862    706
   863    706
   864    706
   865    706
   866    706
   867    706
   868    706
   869    706
   870    706
   871    706
   872    706
   873    706
   874    706
   875    706
   876    706
   879    706
   880    706
   881    706
   882    706
   883    706
   884    706
   885    706
   886    706
   887    706
   888    706
   889    706
   890    706
   891    706
   892    706
   923    706
   924    706
   925    706
   926    706
   927    706
   928    706
   929    706
   930    706
   931    706
   932    706
   933    706
   934    706
   935    706
   936    706
   937    706
   938    706
   939    706
   940    706
   941    706
   942    706
   943    706
   944    706
   945    706
   946    706
   947    706
   948    706
   949    706
   950    706
   951    706
   952    706
   953    706
   954    706
   955    706
   956    706
   957    706
   958    706
   959    706
   960    706
   961    706
   962    706
   963    706
   964    706
   965    706
   966    706
   967    706
   968    706
   969    706
   970    706
   971    706
   972    706
   973    706
   974    706
   975    706
   976    706
   977    706
   978    706
   979    706
   980    706
   981    706
   982    706
   983    706
   984    706
   985    706
   986    706
   987    706
   988    706
   989    706
   990    706
   991    706
   992    706
   993    706
   994    706
   995    706
   996    706
   997    706
   998    706
   999    706
  1000    706
  1001    706
  1002    706
  1003    706
  1004    706
  1005    706
  1006    706
  1007    706
  1008    706
  1009    706
  1010    706
  1011    706
  1012    706
  1013    706
  1014    706
  1015    706
  1016    706
  1017    706
  1018    706
  1019    706
  1020    706
  1021    706
  1022    706
  1023    706
  1024    706
  1025    706
  1026    706
  1027    706
  1028    706
  1029    706
  1030    706
  1031    706
  1032    706
  1033    706
  1034    706
  1035    706
  1036    706
  1037    706
  1038    706
  1039    706
  1040    706
  1041    706
  1042    706
  1043    706
  1044    706
  1045    706
  1046    706
  1047    706
  1048    706
  1049    706
  1050    706
  1051    706
  1052    706
  1053    706
  1054    706
  1055    706
  1056    706
  1057    706
  1058    706
  1059    706
  1060    706
  1061    706
  1062    706
  1063    706
  1064    706
  1065    706
  1066    706
  1067    706
  1068    706
  1069    706
  1070    706
  1071    706
  1072    706
  1073    706
  1074    706
  1075    706
  1076    706
  1077    706
  1078    706
  1079    706
  1080    706
  1081    706
  1082    706
  1083    706
  1084    706
  1085    706
  1086    706
  1087    706
  1088    706
  1089    706
  1090    706
  1091    706
  1092    706
  1093    706
  1094    706
  1095    706
  1096    706
  1097    706
  1098    706
  1099    706
  1100    706
  1101    706
  1102    706
  1103    706
  1104    706
  1105    706
  1106    706
  1107    706
  1108    706
  1109    706
  1110    706
  1111    706
  1112    706
  1113    706
  1114    706
  1115    706
  1116    706
  1117    706
  1118    706
  1119    706
  1120    706
  1121    706
  1122    706
  1123    706
  1124    706
  1125    706
  1126    706
  1127    706
  1128    706
  1129    706
  1130    706
  1131    706
  1132    706
  1133    706
  1134    706
  1135    706
  1136    706
  1137    706
  1138    706
  1139    706
  1140    706
  1141    706
  1142    706
  1143    706
  1144    706
  1145    706
  1146    706
  1147    706
  1148    706
  1149    706
  1150    706
  1151    706
  1152    706
  1153    706
  1154    706
  1155    706
  1156    706
  1157    706
  1158    706
  1159    706
  1160    706
  1161    706
  1162    706
  1163    706
  1164    706
  1165    706
  1166    706
  1167    706
  1168    706
  1169    706
  1170    706
  1171    706
  1172    706
  1173    706
  1174    706
  1175    706
  1176    706
  1177    706
  1178    706
  1179    706
  1180    706
  1181    706
  1187    706
  1188    706
  1190    706
  1192    706
  1193    706
  1194    706
  1210    706
  1211    706
  1212    706
  1213    706
  1214    706
  1215    706
  1216    706
  1217    706
  1218    706
  1219    706
  1220    706
  1221    706
  1222    706
  1223    706
  1224    706
  1227    706
  1228    706
  1229    706
  1232    706
  1233    706
  1234    706
  1235    706
  1236    706
  1237    706
  1238    706
  1239    706
  1240    706
  1241    706
  1242    706
  1243    706
  1244    706
  1245    706
  1246    706
  1247    706
  1250    706
  1251    706
  1252    706
  1253    706
  1254    706
  1255    706
  1256    706
  1257    706
  1258    706
  1259    706
  1261    706
  1262    706
  1263    706
  1264    706
  1265    706
  1266    706
  1267    706
  1269    706
  1270    706
  1283    706
  1284    706
  1285    706
  1286    706
  1287    706
  1288    706
  1289    706
  1290    706
  1291    706
  1292    706
  1293    706
  1294    706
  1295    706
  1296    706
  1297    706
  1298    706
  1299    706
  1300    706
  1301    706
  1302    706
  1303    706
  1304    706
  1305    706
  1306    706
  1307    706
  1322    706
  1323    706
  1324    706
  1325    706
  1326    706
  1327    706
  1328    706
  1802    706
  1803    706
  1804    706
  1805    706
  1806    706
  1807    706
  1808    706
  1809    706
  1810    706
  1811    706
  1812    706
  1813    706
  1814    706
  1815    706
  1834    706
  1835    706
   853    707
   854    707
   855    707
   856    707
   857    707
   858    707
   859    707
   860    707
   861    707
   862    707
   863    707
   864    707
   865    707
   866    707
   867    707
   868    707
   869    707
   870    707
   871    707
   872    707
   873    707
   874    707
   875    707
   876    707
   877    707
   878    707
   879    707
   880    707
   881    707
   882    707
   883    707
   884    707
   885    707
   886    707
   887    707
   888    707
   889    707
   890    707
   891    707
   892    707
   893    707
   894    707
   895    707
   896    707
   897    707
   898    707
   899    707
   900    707
   901    707
   902    707
   903    707
   904    707
   905    707
   906    707
   907    707
   908    707
   909    707
   910    707
   911    707
   912    707
   913    707
   914    707
   915    707
   916    707
   917    707
   918    707
   919    707
   920    707
   921    707
   922    707
   923    707
   924    707
   925    707
   926    707
   927    707
   928    707
   929    707
   930    707
   931    707
   932    707
   933    707
   934    707
   935    707
   936    707
   937    707
   938    707
   939    707
   940    707
   941    707
   942    707
   943    707
   944    707
   945    707
   946    707
   947    707
   948    707
   949    707
   950    707
   951    707
   952    707
   953    707
   954    707
   955    707
   956    707
   957    707
   958    707
   959    707
   960    707
   961    707
   962    707
   963    707
   964    707
   965    707
   966    707
   967    707
   968    707
   969    707
   970    707
   971    707
   972    707
   973    707
   974    707
   975    707
   976    707
   977    707
   978    707
   979    707
   980    707
   981    707
   982    707
   983    707
   984    707
   985    707
   986    707
   987    707
   988    707
   989    707
   990    707
   991    707
   992    707
   993    707
   994    707
   995    707
   996    707
   997    707
   998    707
   999    707
  1000    707
  1001    707
  1002    707
  1003    707
  1004    707
  1005    707
  1006    707
  1007    707
  1008    707
  1009    707
  1010    707
  1011    707
  1012    707
  1013    707
  1014    707
  1015    707
  1016    707
  1017    707
  1018    707
  1019    707
  1020    707
  1021    707
  1022    707
  1023    707
  1024    707
  1025    707
  1026    707
  1027    707
  1028    707
  1029    707
  1030    707
  1031    707
  1032    707
  1033    707
  1034    707
  1035    707
  1036    707
  1037    707
  1038    707
  1039    707
  1040    707
  1041    707
  1042    707
  1043    707
  1044    707
  1045    707
  1046    707
  1047    707
  1048    707
  1049    707
  1050    707
  1051    707
  1052    707
  1053    707
  1054    707
  1055    707
  1056    707
  1057    707
  1058    707
  1059    707
  1060    707
  1061    707
  1062    707
  1063    707
  1064    707
  1065    707
  1066    707
  1067    707
  1068    707
  1069    707
  1070    707
  1071    707
  1072    707
  1073    707
  1074    707
  1075    707
  1076    707
  1077    707
  1078    707
  1079    707
  1080    707
  1081    707
  1082    707
  1083    707
  1084    707
  1085    707
  1086    707
  1087    707
  1088    707
  1089    707
  1090    707
  1091    707
  1092    707
  1093    707
  1094    707
  1095    707
  1096    707
  1097    707
  1098    707
  1099    707
  1100    707
  1101    707
  1102    707
  1103    707
  1104    707
  1105    707
  1106    707
  1107    707
  1108    707
  1109    707
  1110    707
  1111    707
  1112    707
  1113    707
  1114    707
  1115    707
  1116    707
  1117    707
  1118    707
  1119    707
  1120    707
  1121    707
  1122    707
  1123    707
  1124    707
  1125    707
  1126    707
  1127    707
  1128    707
  1129    707
  1130    707
  1131    707
  1132    707
  1133    707
  1134    707
  1135    707
  1136    707
  1137    707
  1138    707
  1139    707
  1140    707
  1159    707
  1160    707
  1161    707
  1162    707
  1163    707
  1164    707
  1165    707
  1166    707
  1167    707
  1168    707
  1169    707
  1170    707
  1171    707
  1182    707
  1183    707
  1184    707
  1193    707
  1194    707
  1195    707
  1196    707
  1197    707
  1198    707
  1199    707
  1200    707
  1201    707
  1202    707
  1203    707
  1205    707
  1206    707
  1207    707
  1208    707
  1209    707
  1210    707
  1211    707
  1218    707
  1219    707
  1220    707
  1221    707
  1222    707
  1223    707
  1224    707
  1225    707
  1231    707
  1232    707
  1233    707
  1234    707
  1235    707
  1236    707
  1237    707
  1238    707
  1239    707
  1240    707
  1241    707
  1242    707
  1243    707
  1244    707
  1245    707
  1246    707
  1247    707
  1248    707
  1266    707
  1267    707
  1268    707
  1269    707
  1270    707
  1271    707
  1274    707
  1276    707
  1277    707
  1278    707
  1279    707
  1280    707
  1281    707
  1282    707
  1283    707
  1284    707
  1285    707
  1286    707
  1287    707
  1288    707
  1289    707
  1290    707
  1291    707
  1292    707
  1307    707
  1308    707
  1309    707
  1327    707
  1328    707
  1329    707
  1809    707
  1810    707
  1811    707
  1812    707
  1813    707
  1814    707
  1815    707
  1816    707
  1817    707
  1818    707
  1819    707
  1820    707
  1821    707
  1822    707
  1830    707
  1831    707
  1832    707
  1833    707
  1834    707
  1835    707
  1836    707
  1837    707
  1838    707
  1839    707
  1840    707
  1841    707
  1842    707
  1843    707
  1844    707
   847    708
   848    708
   849    708
   850    708
   851    708
   852    708
   853    708
   854    708
   855    708
   856    708
   857    708
   858    708
   859    708
   860    708
   861    708
   862    708
   863    708
   864    708
   865    708
   866    708
   867    708
   868    708
   869    708
   870    708
   871    708
   872    708
   873    708
   874    708
   875    708
   876    708
   877    708
   878    708
   879    708
   880    708
   881    708
   882    708
   883    708
   884    708
   885    708
   886    708
   887    708
   888    708
   889    708
   890    708
   891    708
   892    708
   893    708
   894    708
   895    708
   896    708
   897    708
   898    708
   899    708
   900    708
   901    708
   902    708
   903    708
   904    708
   905    708
   906    708
   907    708
   908    708
   909    708
   910    708
   911    708
   912    708
   913    708
   914    708
   915    708
   916    708
   917    708
   918    708
   919    708
   920    708
   921    708
   922    708
   923    708
   924    708
   925    708
   926    708
   927    708
   928    708
   929    708
   930    708
   931    708
   932    708
   933    708
   934    708
   935    708
   936    708
   937    708
   938    708
   939    708
   940    708
   941    708
   942    708
   943    708
   944    708
   945    708
   946    708
   947    708
   948    708
   949    708
   950    708
   951    708
   952    708
   953    708
   954    708
   955    708
   956    708
   957    708
   958    708
   959    708
   960    708
   961    708
   962    708
   963    708
   964    708
   965    708
   966    708
   967    708
   968    708
   969    708
   970    708
   971    708
   972    708
   973    708
   974    708
   975    708
   976    708
   977    708
   978    708
   979    708
   980    708
   981    708
   982    708
   983    708
   984    708
   985    708
   986    708
   987    708
   988    708
   989    708
   990    708
   991    708
   992    708
   993    708
   994    708
   995    708
   996    708
   997    708
   998    708
   999    708
  1000    708
  1001    708
  1002    708
  1003    708
  1004    708
  1005    708
  1006    708
  1007    708
  1008    708
  1009    708
  1010    708
  1011    708
  1012    708
  1013    708
  1014    708
  1015    708
  1016    708
  1017    708
  1018    708
  1019    708
  1020    708
  1021    708
  1022    708
  1023    708
  1024    708
  1025    708
  1026    708
  1027    708
  1028    708
  1029    708
  1030    708
  1031    708
  1032    708
  1033    708
  1034    708
  1035    708
  1036    708
  1037    708
  1038    708
  1039    708
  1040    708
  1041    708
  1042    708
  1043    708
  1044    708
  1045    708
  1046    708
  1047    708
  1048    708
  1049    708
  1050    708
  1051    708
  1052    708
  1053    708
  1054    708
  1055    708
  1056    708
  1057    708
  1058    708
  1059    708
  1060    708
  1061    708
  1062    708
  1063    708
  1064    708
  1065    708
  1066    708
  1067    708
  1068    708
  1069    708
  1070    708
  1071    708
  1072    708
  1073    708
  1074    708
  1075    708
  1076    708
  1077    708
  1078    708
  1079    708
  1080    708
  1081    708
  1082    708
  1083    708
  1084    708
  1085    708
  1086    708
  1087    708
  1088    708
  1089    708
  1090    708
  1091    708
  1092    708
  1093    708
  1094    708
  1095    708
  1096    708
  1097    708
  1098    708
  1099    708
  1100    708
  1101    708
  1102    708
  1104    708
  1105    708
  1141    708
  1142    708
  1143    708
  1144    708
  1146    708
  1147    708
  1148    708
  1149    708
  1150    708
  1152    708
  1153    708
  1154    708
  1155    708
  1156    708
  1157    708
  1158    708
  1159    708
  1160    708
  1161    708
  1167    708
  1168    708
  1169    708
  1172    708
  1173    708
  1174    708
  1217    708
  1218    708
  1219    708
  1222    708
  1223    708
  1224    708
  1233    708
  1234    708
  1235    708
  1236    708
  1237    708
  1238    708
  1239    708
  1240    708
  1241    708
  1242    708
  1243    708
  1244    708
  1245    708
  1246    708
  1247    708
  1248    708
  1249    708
  1250    708
  1251    708
  1252    708
  1253    708
  1254    708
  1266    708
  1267    708
  1268    708
  1269    708
  1270    708
  1271    708
  1272    708
  1273    708
  1274    708
  1275    708
  1276    708
  1277    708
  1278    708
  1279    708
  1280    708
  1281    708
  1282    708
  1283    708
  1302    708
  1303    708
  1304    708
  1803    708
  1804    708
  1805    708
  1817    708
  1818    708
  1819    708
  1820    708
  1821    708
  1822    708
  1823    708
  1824    708
  1825    708
  1826    708
  1827    708
  1828    708
  1829    708
  1830    708
  1831    708
  1837    708
  1838    708
  1839    708
  1840    708
  1841    708
  1842    708
  1843    708
  1844    708
  1845    708
  1846    708
  1847    708
  1848    708
  1849    708
  1850    708
  1851    708
  1852    708
  1853    708
  1854    708
   845    709
   846    709
   847    709
   848    709
   849    709
   850    709
   851    709
   852    709
   853    709
   854    709
   855    709
   856    709
   857    709
   858    709
   859    709
   860    709
   861    709
   862    709
   863    709
   864    709
   865    709
   866    709
   867    709
   868    709
   869    709
   870    709
   871    709
   872    709
   873    709
   874    709
   875    709
   876    709
   877    709
   878    709
   879    709
   880    709
   881    709
   882    709
   883    709
   884    709
   885    709
   886    709
   887    709
   888    709
   889    709
   890    709
   891    709
   892    709
   893    709
   894    709
   895    709
   896    709
   897    709
   898    709
   899    709
   900    709
   901    709
   902    709
   903    709
   904    709
   905    709
   906    709
   907    709
   908    709
   909    709
   910    709
   911    709
   912    709
   913    709
   914    709
   915    709
   916    709
   917    709
   918    709
   919    709
   920    709
   921    709
   922    709
   923    709
   924    709
   925    709
   926    709
   927    709
   928    709
   929    709
   930    709
   931    709
   932    709
   933    709
   934    709
   935    709
   936    709
   937    709
   938    709
   939    709
   940    709
   941    709
   942    709
   943    709
   944    709
   945    709
   946    709
   947    709
   948    709
   949    709
   950    709
   951    709
   952    709
   953    709
   954    709
   955    709
   956    709
   957    709
   958    709
   959    709
   960    709
   961    709
   962    709
   963    709
   964    709
   965    709
   966    709
   967    709
   968    709
   969    709
   970    709
   971    709
   972    709
   973    709
   974    709
   975    709
   976    709
   977    709
   978    709
   979    709
   980    709
   981    709
   982    709
   983    709
   984    709
   985    709
   986    709
   987    709
   988    709
   989    709
   990    709
   991    709
   992    709
   993    709
   994    709
   995    709
   996    709
   997    709
   998    709
   999    709
  1000    709
  1001    709
  1002    709
  1003    709
  1004    709
  1005    709
  1006    709
  1007    709
  1008    709
  1009    709
  1010    709
  1011    709
  1012    709
  1013    709
  1014    709
  1015    709
  1016    709
  1017    709
  1018    709
  1019    709
  1020    709
  1021    709
  1022    709
  1023    709
  1024    709
  1027    709
  1028    709
  1029    709
  1030    709
  1031    709
  1032    709
  1033    709
  1034    709
  1035    709
  1036    709
  1037    709
  1038    709
  1039    709
  1040    709
  1041    709
  1042    709
  1043    709
  1044    709
  1045    709
  1046    709
  1047    709
  1048    709
  1049    709
  1050    709
  1051    709
  1052    709
  1053    709
  1054    709
  1055    709
  1056    709
  1057    709
  1058    709
  1059    709
  1060    709
  1061    709
  1062    709
  1063    709
  1091    709
  1092    709
  1093    709
  1094    709
  1095    709
  1096    709
  1097    709
  1098    709
  1099    709
  1100    709
  1101    709
  1102    709
  1103    709
  1120    709
  1121    709
  1122    709
  1123    709
  1124    709
  1125    709
  1126    709
  1127    709
  1128    709
  1129    709
  1130    709
  1131    709
  1132    709
  1133    709
  1134    709
  1135    709
  1142    709
  1143    709
  1147    709
  1148    709
  1149    709
  1150    709
  1151    709
  1152    709
  1153    709
  1154    709
  1155    709
  1156    709
  1157    709
  1158    709
  1159    709
  1160    709
  1161    709
  1215    709
  1216    709
  1217    709
  1218    709
  1219    709
  1220    709
  1221    709
  1222    709
  1232    709
  1233    709
  1234    709
  1235    709
  1236    709
  1237    709
  1239    709
  1260    709
  1261    709
  1262    709
  1263    709
  1264    709
  1265    709
  1266    709
  1267    709
  1268    709
  1269    709
  1270    709
  1271    709
  1272    709
  1273    709
  1274    709
  1275    709
  1281    709
  1282    709
  1283    709
  1285    709
  1286    709
  1287    709
  1288    709
  1801    709
  1802    709
  1803    709
  1804    709
  1805    709
  1806    709
  1807    709
  1808    709
  1809    709
  1810    709
  1811    709
  1812    709
  1813    709
  1814    709
  1815    709
  1826    709
  1827    709
  1828    709
  1829    709
  1830    709
  1831    709
  1832    709
  1833    709
  1834    709
  1835    709
  1836    709
  1837    709
  1838    709
  1839    709
  1847    709
  1848    709
  1849    709
  1850    709
  1851    709
  1852    709
  1853    709
  1854    709
  1855    709
  1856    709
  1857    709
  1858    709
  1859    709
  1860    709
   844    710
   845    710
   846    710
   847    710
   848    710
   849    710
   850    710
   851    710
   852    710
   853    710
   854    710
   855    710
   856    710
   857    710
   858    710
   859    710
   860    710
   861    710
   862    710
   863    710
   864    710
   865    710
   866    710
   867    710
   868    710
   869    710
   870    710
   871    710
   872    710
   873    710
   874    710
   875    710
   876    710
   877    710
   878    710
   879    710
   880    710
   881    710
   882    710
   883    710
   884    710
   885    710
   886    710
   887    710
   888    710
   889    710
   890    710
   891    710
   892    710
   893    710
   894    710
   895    710
   896    710
   897    710
   898    710
   899    710
   900    710
   901    710
   902    710
   903    710
   904    710
   905    710
   906    710
   907    710
   908    710
   909    710
   910    710
   911    710
   912    710
   913    710
   914    710
   915    710
   916    710
   917    710
   918    710
   919    710
   920    710
   921    710
   922    710
   923    710
   924    710
   925    710
   926    710
   927    710
   928    710
   929    710
   930    710
   931    710
   932    710
   933    710
   934    710
   935    710
   936    710
   937    710
   938    710
   939    710
   940    710
   941    710
   942    710
   943    710
   944    710
   945    710
   946    710
   947    710
   948    710
   949    710
   950    710
   951    710
   952    710
   953    710
   954    710
   955    710
   956    710
   957    710
   958    710
   959    710
   960    710
   961    710
   962    710
   963    710
   964    710
   965    710
   966    710
   967    710
   968    710
   969    710
   970    710
   971    710
   972    710
   973    710
   974    710
   975    710
   976    710
  1016    710
  1017    710
  1018    710
  1044    710
  1045    710
  1046    710
  1047    710
  1048    710
  1056    710
  1057    710
  1058    710
  1059    710
  1060    710
  1061    710
  1062    710
  1063    710
  1064    710
  1065    710
  1067    710
  1068    710
  1069    710
  1070    710
  1071    710
  1072    710
  1079    710
  1080    710
  1081    710
  1082    710
  1083    710
  1084    710
  1085    710
  1086    710
  1087    710
  1088    710
  1089    710
  1090    710
  1091    710
  1092    710
  1093    710
  1094    710
  1095    710
  1096    710
  1097    710
  1098    710
  1099    710
  1100    710
  1101    710
  1102    710
  1103    710
  1104    710
  1105    710
  1106    710
  1107    710
  1108    710
  1109    710
  1110    710
  1118    710
  1119    710
  1120    710
  1121    710
  1122    710
  1123    710
  1124    710
  1125    710
  1126    710
  1127    710
  1128    710
  1129    710
  1130    710
  1131    710
  1134    710
  1135    710
  1136    710
  1138    710
  1139    710
  1140    710
  1143    710
  1144    710
  1145    710
  1146    710
  1147    710
  1148    710
  1149    710
  1150    710
  1151    710
  1152    710
  1153    710
  1154    710
  1213    710
  1214    710
  1215    710
  1216    710
  1217    710
  1218    710
  1219    710
  1220    710
  1251    710
  1252    710
  1253    710
  1254    710
  1255    710
  1256    710
  1257    710
  1258    710
  1259    710
  1260    710
  1261    710
  1262    710
  1263    710
  1264    710
  1276    710
  1277    710
  1278    710
  1279    710
  1280    710
  1281    710
  1286    710
  1287    710
  1288    710
  1289    710
  1290    710
  1291    710
  1809    710
  1810    710
  1811    710
  1812    710
  1813    710
  1814    710
  1815    710
  1816    710
  1817    710
  1818    710
  1819    710
  1820    710
  1821    710
  1822    710
  1833    710
  1834    710
  1835    710
  1836    710
  1837    710
  1838    710
  1839    710
  1840    710
  1841    710
  1842    710
  1843    710
  1844    710
  1845    710
  1846    710
  1855    710
  1856    710
  1857    710
  1858    710
  1859    710
  1860    710
  1861    710
  1862    710
  1863    710
  1864    710
  1865    710
  1866    710
  1867    710
  1868    710
  1869    710
  1870    710
   842    711
   843    711
   844    711
   845    711
   846    711
   847    711
   848    711
   862    711
   863    711
   864    711
   865    711
   866    711
   867    711
   868    711
   869    711
   870    711
   871    711
   872    711
   873    711
   874    711
   875    711
   877    711
   878    711
   879    711
   880    711
   983    711
   984    711
   985    711
   990    711
   991    711
   992    711
  1007    711
  1008    711
  1009    711
  1010    711
  1011    711
  1012    711
  1013    711
  1014    711
  1015    711
  1016    711
  1017    711
  1018    711
  1029    711
  1030    711
  1031    711
  1032    711
  1034    711
  1035    711
  1036    711
  1039    711
  1040    711
  1041    711
  1042    711
  1043    711
  1044    711
  1045    711
  1046    711
  1047    711
  1048    711
  1049    711
  1050    711
  1051    711
  1053    711
  1054    711
  1055    711
  1056    711
  1057    711
  1058    711
  1059    711
  1060    711
  1061    711
  1062    711
  1063    711
  1064    711
  1065    711
  1066    711
  1069    711
  1070    711
  1071    711
  1072    711
  1073    711
  1074    711
  1075    711
  1077    711
  1078    711
  1079    711
  1087    711
  1088    711
  1089    711
  1090    711
  1091    711
  1092    711
  1097    711
  1098    711
  1099    711
  1100    711
  1101    711
  1102    711
  1103    711
  1104    711
  1107    711
  1108    711
  1109    711
  1111    711
  1112    711
  1113    711
  1118    711
  1119    711
  1120    711
  1121    711
  1124    711
  1125    711
  1126    711
  1127    711
  1143    711
  1144    711
  1145    711
  1151    711
  1152    711
  1153    711
  1154    711
  1156    711
  1157    711
  1158    711
  1159    711
  1241    711
  1242    711
  1243    711
  1244    711
  1245    711
  1246    711
  1247    711
  1248    711
  1249    711
  1250    711
  1251    711
  1252    711
  1253    711
  1254    711
  1255    711
  1268    711
  1269    711
  1270    711
  1271    711
  1272    711
  1273    711
  1274    711
  1275    711
  1816    711
  1817    711
  1818    711
  1819    711
  1820    711
  1821    711
  1822    711
  1823    711
  1824    711
  1825    711
  1826    711
  1827    711
  1828    711
  1829    711
  1842    711
  1843    711
  1844    711
  1845    711
  1846    711
  1847    711
  1848    711
  1849    711
  1850    711
  1851    711
  1852    711
  1853    711
  1854    711
  1864    711
  1865    711
  1866    711
  1867    711
  1868    711
  1869    711
  1870    711
  1871    711
  1872    711
  1873    711
  1874    711
  1875    711
  1876    711
  1877    711
  1878    711
  1879    711
   840    712
   841    712
   842    712
   843    712
   844    712
   845    712
   846    712
   847    712
   848    712
   849    712
   850    712
   851    712
   852    712
   853    712
   854    712
   855    712
   856    712
   857    712
   858    712
   859    712
   860    712
   861    712
   862    712
   863    712
   864    712
   865    712
   866    712
   867    712
   868    712
   869    712
   870    712
   871    712
   872    712
   873    712
   874    712
   875    712
   876    712
   877    712
   878    712
   879    712
   880    712
   881    712
   883    712
   884    712
   885    712
   886    712
   887    712
   888    712
   889    712
   896    712
   897    712
   960    712
   961    712
   962    712
   963    712
   964    712
   965    712
   966    712
   967    712
   968    712
   969    712
   972    712
   973    712
   974    712
   975    712
   976    712
   988    712
   989    712
   990    712
   991    712
   992    712
   995    712
   996    712
   997    712
   998    712
   999    712
  1008    712
  1009    712
  1010    712
  1011    712
  1012    712
  1013    712
  1014    712
  1015    712
  1016    712
  1018    712
  1019    712
  1020    712
  1021    712
  1037    712
  1038    712
  1039    712
  1040    712
  1041    712
  1042    712
  1043    712
  1044    712
  1045    712
  1046    712
  1047    712
  1048    712
  1049    712
  1050    712
  1051    712
  1059    712
  1060    712
  1061    712
  1062    712
  1063    712
  1064    712
  1088    712
  1089    712
  1090    712
  1091    712
  1095    712
  1096    712
  1097    712
  1111    712
  1112    712
  1113    712
  1138    712
  1139    712
  1140    712
  1147    712
  1148    712
  1149    712
  1150    712
  1215    712
  1216    712
  1217    712
  1218    712
  1232    712
  1233    712
  1234    712
  1235    712
  1236    712
  1237    712
  1238    712
  1239    712
  1240    712
  1241    712
  1242    712
  1243    712
  1244    712
  1245    712
  1246    712
  1247    712
  1825    712
  1826    712
  1827    712
  1828    712
  1829    712
  1830    712
  1831    712
  1832    712
  1833    712
  1834    712
  1835    712
  1836    712
  1837    712
  1838    712
  1850    712
  1851    712
  1852    712
  1853    712
  1854    712
  1855    712
  1856    712
  1857    712
  1858    712
  1859    712
  1860    712
  1861    712
  1862    712
  1863    712
  1873    712
  1874    712
  1875    712
  1876    712
  1877    712
  1878    712
  1879    712
  1880    712
  1881    712
  1882    712
  1883    712
  1884    712
  1885    712
  1886    712
  1887    712
  1888    712
  1889    712
   839    713
   840    713
   841    713
   842    713
   843    713
   844    713
   845    713
   846    713
   847    713
   848    713
   849    713
   850    713
   851    713
   852    713
   853    713
   854    713
   855    713
   856    713
   857    713
   858    713
   859    713
   860    713
   861    713
   862    713
   863    713
   864    713
   865    713
   866    713
   867    713
   868    713
   869    713
   870    713
   871    713
   872    713
   873    713
   874    713
   875    713
   876    713
   877    713
   878    713
   879    713
   880    713
   881    713
   882    713
   883    713
   884    713
   885    713
   886    713
   887    713
   888    713
   889    713
   890    713
   895    713
   896    713
   897    713
   899    713
   900    713
   901    713
   903    713
   904    713
   905    713
   906    713
   907    713
   908    713
   909    713
   911    713
   912    713
   913    713
   960    713
   961    713
   962    713
   963    713
   991    713
   992    713
   993    713
   995    713
   996    713
   997    713
   998    713
   999    713
  1000    713
  1014    713
  1015    713
  1016    713
  1017    713
  1033    713
  1034    713
  1035    713
  1038    713
  1039    713
  1040    713
  1047    713
  1048    713
  1049    713
  1050    713
  1088    713
  1089    713
  1090    713
  1091    713
  1117    713
  1118    713
  1119    713
  1210    713
  1211    713
  1212    713
  1221    713
  1222    713
  1223    713
  1224    713
  1225    713
  1226    713
  1227    713
  1228    713
  1229    713
  1230    713
  1231    713
  1232    713
  1233    713
  1234    713
  1235    713
  1236    713
  1249    713
  1250    713
  1251    713
  1832    713
  1833    713
  1834    713
  1835    713
  1836    713
  1837    713
  1838    713
  1839    713
  1840    713
  1841    713
  1842    713
  1843    713
  1844    713
  1845    713
  1846    713
  1859    713
  1860    713
  1861    713
  1862    713
  1863    713
  1864    713
  1865    713
  1866    713
  1867    713
  1868    713
  1869    713
  1870    713
  1871    713
  1872    713
  1882    713
  1883    713
  1884    713
  1885    713
  1886    713
  1887    713
  1888    713
  1889    713
  1890    713
  1891    713
  1892    713
  1893    713
  1894    713
  1895    713
  1896    713
  1897    713
  1898    713
  1899    713
  1900    713
   841    714
   842    714
   843    714
   853    714
   854    714
   855    714
   856    714
   857    714
   858    714
   859    714
   863    714
   864    714
   865    714
   866    714
   989    714
   990    714
   991    714
   992    714
   997    714
   998    714
   999    714
  1000    714
  1001    714
  1002    714
  1007    714
  1008    714
  1009    714
  1010    714
  1011    714
  1012    714
  1015    714
  1016    714
  1017    714
  1035    714
  1036    714
  1037    714
  1038    714
  1046    714
  1047    714
  1048    714
  1051    714
  1052    714
  1053    714
  1058    714
  1059    714
  1214    714
  1215    714
  1216    714
  1217    714
  1218    714
  1219    714
  1220    714
  1221    714
  1222    714
  1223    714
  1224    714
  1225    714
  1226    714
  1227    714
  1228    714
  1229    714
  1841    714
  1842    714
  1843    714
  1844    714
  1845    714
  1846    714
  1847    714
  1848    714
  1849    714
  1850    714
  1851    714
  1852    714
  1853    714
  1854    714
  1855    714
  1865    714
  1866    714
  1867    714
  1868    714
  1869    714
  1870    714
  1871    714
  1872    714
  1873    714
  1874    714
  1875    714
  1876    714
  1877    714
  1878    714
  1879    714
  1880    714
  1892    714
  1893    714
  1894    714
  1895    714
  1896    714
  1897    714
  1898    714
  1899    714
  1900    714
  1901    714
  1902    714
  1903    714
  1904    714
  1905    714
  1906    714
  1907    714
   841    715
   842    715
   843    715
   844    715
   850    715
   851    715
   852    715
   853    715
   854    715
   855    715
   856    715
   857    715
   858    715
   859    715
   860    715
   861    715
   862    715
   863    715
   864    715
   865    715
   866    715
   910    715
   911    715
   986    715
   987    715
   988    715
   989    715
   990    715
   991    715
   992    715
   993    715
   994    715
   999    715
  1000    715
  1001    715
  1008    715
  1022    715
  1023    715
  1032    715
  1033    715
  1034    715
  1035    715
  1036    715
  1037    715
  1038    715
  1046    715
  1047    715
  1048    715
  1206    715
  1207    715
  1208    715
  1209    715
  1210    715
  1211    715
  1212    715
  1213    715
  1214    715
  1215    715
  1216    715
  1217    715
  1218    715
  1219    715
  1849    715
  1850    715
  1851    715
  1852    715
  1853    715
  1854    715
  1855    715
  1856    715
  1857    715
  1858    715
  1859    715
  1860    715
  1861    715
  1862    715
  1863    715
  1876    715
  1877    715
  1878    715
  1879    715
  1880    715
  1881    715
  1882    715
  1883    715
  1884    715
  1885    715
  1886    715
  1887    715
  1888    715
  1889    715
  1890    715
  1891    715
  1892    715
  1902    715
  1903    715
  1904    715
  1905    715
  1906    715
  1907    715
  1908    715
  1909    715
  1910    715
  1911    715
  1912    715
  1913    715
  1914    715
  1915    715
  1916    715
  1917    715
  1918    715
   853    716
   854    716
   855    716
   856    716
   857    716
   861    716
   862    716
   863    716
   899    716
   900    716
   901    716
   902    716
   987    716
   988    716
   989    716
  1022    716
  1023    716
  1198    716
  1199    716
  1200    716
  1201    716
  1202    716
  1203    716
  1204    716
  1205    716
  1206    716
  1207    716
  1208    716
  1209    716
  1210    716
  1211    716
  1212    716
  1857    716
  1858    716
  1859    716
  1860    716
  1861    716
  1862    716
  1863    716
  1864    716
  1865    716
  1866    716
  1867    716
  1868    716
  1869    716
  1870    716
  1871    716
  1872    716
  1885    716
  1886    716
  1887    716
  1888    716
  1889    716
  1890    716
  1891    716
  1892    716
  1893    716
  1894    716
  1895    716
  1896    716
  1897    716
  1898    716
  1899    716
  1900    716
  1910    716
  1911    716
  1912    716
  1913    716
  1914    716
  1915    716
  1916    716
  1917    716
  1918    716
  1919    716
   854    717
   855    717
   856    717
  1190    717
  1191    717
  1192    717
  1193    717
  1194    717
  1195    717
  1196    717
  1197    717
  1198    717
  1199    717
  1200    717
  1201    717
  1202    717
  1203    717
  1204    717
  1205    717
  1206    717
  1221    717
  1222    717
  1223    717
  1865    717
  1866    717
  1867    717
  1868    717
  1869    717
  1870    717
  1871    717
  1872    717
  1873    717
  1874    717
  1875    717
  1876    717
  1877    717
  1878    717
  1879    717
  1880    717
  1881    717
  1882    717
  1896    717
  1897    717
  1898    717
  1899    717
  1900    717
  1901    717
  1902    717
  1903    717
  1904    717
  1905    717
  1906    717
  1907    717
  1908    717
  1180    718
  1181    718
  1182    718
  1183    718
  1184    718
  1185    718
  1186    718
  1187    718
  1188    718
  1189    718
  1190    718
  1191    718
  1192    718
  1193    718
  1194    718
  1207    718
  1208    718
  1209    718
  1216    718
  1217    718
  1218    718
  1219    718
  1877    718
  1878    718
  1879    718
  1880    718
  1881    718
  1882    718
  1883    718
  1884    718
  1885    718
  1886    718
  1887    718
  1888    718
  1889    718
  1890    718
  1891    718
  1892    718
  1905    718
  1906    718
  1907    718
  1908    718
  1909    718
  1910    718
  1911    718
  1912    718
  1913    718
  1914    718
  1915    718
  1916    718
  1917    718
  1171    719
  1172    719
  1173    719
  1174    719
  1175    719
  1176    719
  1177    719
  1178    719
  1179    719
  1180    719
  1181    719
  1182    719
  1183    719
  1184    719
  1185    719
  1186    719
  1187    719
  1887    719
  1888    719
  1889    719
  1890    719
  1891    719
  1892    719
  1893    719
  1894    719
  1895    719
  1896    719
  1897    719
  1898    719
  1899    719
  1900    719
  1901    719
  1913    719
  1914    719
  1915    719
  1916    719
  1917    719
  1918    719
  1919    719
  1143    720
  1144    720
  1145    720
  1165    720
  1166    720
  1167    720
  1168    720
  1169    720
  1170    720
  1171    720
  1172    720
  1173    720
  1174    720
  1175    720
  1176    720
  1177    720
  1178    720
  1179    720
  1897    720
  1898    720
  1899    720
  1900    720
  1159    721
  1160    721
  1161    721
  1162    721
  1163    721
  1164    721
  1165    721
  1166    721
  1167    721
  1168    721
  1169    721
  1170    721
  1171    721
  1172    721
  1152    722
  1153    722
  1154    722
  1155    722
  1156    722
  1157    722
  1158    722
  1159    722
  1160    722
  1161    722
  1162    722
  1163    722
  1164    722
  1182    722
  1183    722
  1184    722
  1185    722
  1186    722
  1187    722
  1188    722
  1147    723
  1148    723
  1149    723
  1150    723
  1151    723
  1152    723
  1153    723
  1154    723
  1155    723
  1156    723
  1157    723
  1158    723
  1159    723
  1138    724
  1139    724
  1140    724
  1141    724
  1142    724
  1143    724
  1144    724
  1145    724
  1146    724
  1147    724
  1148    724
  1149    724
  1150    724
  1151    724
  1133    725
  1134    725
  1135    725
  1136    725
  1137    725
  1138    725
  1139    725
  1140    725
  1141    725
  1142    725
  1143    725
  1144    725
  1128    726
  1129    726
  1130    726
  1131    726
  1132    726
  1133    726
  1134    726
  1135    726
  1136    726
  1137    726
  1138    726
  1139    726
  1119    727
  1120    727
  1121    727
  1122    727
  1123    727
  1124    727
  1125    727
  1126    727
  1127    727
  1128    727
  1129    727
  1130    727
  1131    727
  1142    727
  1143    727
  1144    727
  1145    727
  1115    728
  1116    728
  1117    728
  1118    728
  1119    728
  1120    728
  1121    728
  1122    728
  1123    728
  1124    728
  1125    728
  1126    728
  1127    728
  1108    729
  1109    729
  1110    729
  1111    729
  1112    729
  1113    729
  1114    729
  1115    729
  1116    729
  1117    729
  1118    729
  1119    729
  1102    730
  1103    730
  1104    730
  1105    730
  1106    730
  1107    730
  1108    730
  1109    730
  1110    730
  1111    730
  1112    730
  1113    730
  1114    730
  1096    731
  1097    731
  1098    731
  1099    731
  1100    731
  1101    731
  1102    731
  1103    731
  1104    731
  1105    731
  1106    731
  1107    731
  1108    731
  1109    731
  1090    732
  1091    732
  1092    732
  1093    732
  1094    732
  1095    732
  1096    732
  1097    732
  1098    732
  1099    732
  1100    732
  1101    732
  1084    733
  1085    733
  1086    733
  1087    733
  1088    733
  1089    733
  1090    733
  1091    733
  1092    733
  1093    733
  1094    733
  1095    733
  1109    733
  1110    733
  1111    733
  1112    733
  1113    733
  1079    734
  1080    734
  1081    734
  1082    734
  1083    734
  1084    734
  1085    734
  1086    734
  1087    734
  1088    734
  1089    734
  1090    734
  1091    734
  1092    734
  1104    734
  1105    734
  1106    734
  1107    734
  1074    735
  1075    735
  1076    735
  1077    735
  1078    735
  1079    735
  1080    735
  1081    735
  1082    735
  1083    735
  1084    735
  1085    735
  1096    735
  1097    735
  1098    735
  1099    735
  1069    736
  1070    736
  1071    736
  1072    736
  1073    736
  1074    736
  1075    736
  1076    736
  1077    736
  1078    736
  1079    736
  1080    736
  1094    736
  1095    736
  1096    736
  1065    737
  1066    737
  1067    737
  1068    737
  1069    737
  1070    737
  1071    737
  1072    737
  1073    737
  1074    737
  1075    737
  1058    738
  1059    738
  1060    738
  1061    738
  1062    738
  1063    738
  1064    738
  1065    738
  1066    738
  1067    738
  1068    738
  1069    738
  1070    738
  1071    738
  1054    739
  1055    739
  1056    739
  1057    739
  1058    739
  1059    739
  1060    739
  1061    739
  1062    739
  1063    739
  1064    739
  1065    739
  1066    739
  1049    740
  1050    740
  1051    740
  1052    740
  1053    740
  1054    740
  1055    740
  1056    740
  1057    740
  1058    740
  1059    740
  1060    740
  1061    740
  1062    740
  1073    740
  1074    740
  1075    740
  1076    740
  1077    740
  1078    740
  1045    741
  1046    741
  1047    741
  1048    741
  1049    741
  1050    741
  1051    741
  1052    741
  1053    741
  1054    741
  1055    741
  1056    741
  1074    741
  1075    741
  1076    741
  1040    742
  1041    742
  1042    742
  1043    742
  1044    742
  1045    742
  1046    742
  1047    742
  1048    742
  1049    742
  1050    742
  1051    742
  1052    742
  1036    743
  1037    743
  1038    743
  1039    743
  1040    743
  1041    743
  1042    743
  1043    743
  1044    743
  1045    743
  1046    743
  1047    743
  1031    744
  1032    744
  1033    744
  1034    744
  1035    744
  1036    744
  1037    744
  1038    744
  1039    744
  1040    744
  1041    744
  1042    744
  1043    744
  1028    745
  1029    745
  1030    745
  1031    745
  1032    745
  1033    745
  1034    745
  1035    745
  1036    745
  1037    745
  1038    745
  1039    745
  1023    746
  1024    746
  1025    746
  1026    746
  1027    746
  1028    746
  1029    746
  1030    746
  1031    746
  1032    746
  1033    746
  1034    746
  1035    746
  1019    747
  1020    747
  1021    747
  1022    747
  1023    747
  1024    747
  1025    747
  1026    747
  1027    747
  1028    747
  1029    747
  1030    747
  1031    747
  1015    748
  1016    748
  1017    748
  1018    748
  1019    748
  1020    748
  1021    748
  1022    748
  1023    748
  1024    748
  1025    748
  1026    748
  1027    748
  1011    749
  1012    749
  1013    749
  1014    749
  1015    749
  1016    749
  1017    749
  1018    749
  1019    749
  1020    749
  1021    749
  1022    749
  1023    749
  1007    750
  1008    750
  1009    750
  1010    750
  1011    750
  1012    750
  1013    750
  1014    750
  1015    750
  1016    750
  1017    750
  1018    750
  1019    750
  1003    751
  1004    751
  1005    751
  1006    751
  1007    751
  1008    751
  1009    751
  1010    751
  1011    751
  1012    751
  1013    751
  1014    751
  1015    751
  1016    751
   999    752
  1000    752
  1001    752
  1002    752
  1003    752
  1004    752
  1005    752
  1006    752
  1007    752
  1008    752
  1009    752
  1010    752
  1011    752
  1012    752
  1013    752
   997    753
   998    753
   999    753
  1000    753
  1001    753
  1002    753
  1003    753
  1004    753
  1005    753
  1006    753
  1007    753
  1008    753
  1009    753
   994    754
   995    754
   996    754
   997    754
   998    754
   999    754
  1000    754
  1001    754
  1002    754
  1003    754
  1004    754
  1005    754
  1006    754
   991    755
   992    755
   993    755
   994    755
   995    755
   996    755
   997    755
   998    755
   999    755
  1000    755
  1001    755
  1002    755
  1003    755
   987    756
   988    756
   989    756
   990    756
   991    756
   992    756
   993    756
   994    756
   995    756
   996    756
   997    756
   998    756
   999    756
  1000    756
   985    757
   986    757
   987    757
   988    757
   989    757
   990    757
   991    757
   992    757
   993    757
   994    757
   995    757
   996    757
   997    757
   982    758
   983    758
   984    758
   985    758
   986    758
   987    758
   988    758
   989    758
   990    758
   991    758
   992    758
   993    758
   994    758
   995    758
   979    759
   980    759
   981    759
   982    759
   983    759
   984    759
   985    759
   986    759
   987    759
   988    759
   989    759
   990    759
   991    759
   992    759
   976    760
   977    760
   978    760
   979    760
   980    760
   981    760
   982    760
   983    760
   984    760
   985    760
   986    760
   987    760
   988    760
   989    760
   990    760
   973    761
   974    761
   975    761
   976    761
   977    761
   978    761
   979    761
   980    761
   981    761
   982    761
   983    761
   984    761
   985    761
   986    761
   971    762
   972    762
   973    762
   974    762
   975    762
   976    762
   977    762
   978    762
   979    762
   980    762
   981    762
   982    762
   983    762
   984    762
   968    763
   969    763
   970    763
   971    763
   972    763
   973    763
   974    763
   975    763
   976    763
   977    763
   978    763
   979    763
   980    763
   981    763
   965    764
   966    764
   967    764
   968    764
   969    764
   970    764
   971    764
   972    764
   973    764
   974    764
   975    764
   976    764
   977    764
   978    764
   979    764
   962    765
   963    765
   964    765
   965    765
   966    765
   967    765
   968    765
   969    765
   970    765
   971    765
   972    765
   973    765
   974    765
   975    765
   976    765
   960    766
   961    766
   962    766
   963    766
   964    766
   965    766
   966    766
   967    766
   968    766
   969    766
   970    766
   971    766
   972    766
   973    766
   974    766
   975    766
   958    767
   959    767
   960    767
   961    767
   962    767
   963    767
   964    767
   965    767
   966    767
   967    767
   968    767
   969    767
   970    767
   971    767
   972    767
   955    768
   956    768
   957    768
   958    768
   959    768
   960    768
   961    768
   962    768
   963    768
   964    768
   965    768
   966    768
   967    768
   968    768
   969    768
   970    768
   953    769
   954    769
   955    769
   956    769
   957    769
   958    769
   959    769
   960    769
   961    769
   962    769
   963    769
   964    769
   965    769
   966    769
   967    769
   968    769
   951    770
   952    770
   953    770
   954    770
   955    770
   956    770
   957    770
   958    770
   959    770
   960    770
   961    770
   962    770
   963    770
   964    770
   965    770
   948    771
   949    771
   950    771
   951    771
   952    771
   953    771
   954    771
   955    771
   956    771
   957    771
   958    771
   959    771
   960    771
   961    771
   962    771
   963    771
   964    771
   947    772
   948    772
   949    772
   950    772
   951    772
   952    772
   953    772
   954    772
   955    772
   956    772
   957    772
   958    772
   959    772
   960    772
   961    772
   945    773
   946    773
   947    773
   948    773
   949    773
   950    773
   951    773
   952    773
   953    773
   954    773
   955    773
   956    773
   957    773
   958    773
   959    773
   960    773
   943    774
   944    774
   945    774
   946    774
   947    774
   948    774
   949    774
   950    774
   951    774
   952    774
   953    774
   954    774
   955    774
   956    774
   957    774
   940    775
   941    775
   942    775
   943    775
   944    775
   945    775
   946    775
   947    775
   948    775
   949    775
   950    775
   951    775
   952    775
   953    775
   954    775
   955    775
   939    776
   940    776
   941    776
   942    776
   943    776
   944    776
   945    776
   946    776
   947    776
   948    776
   949    776
   950    776
   951    776
   952    776
   953    776
   937    777
   938    777
   939    777
   940    777
   941    777
   942    777
   943    777
   944    777
   945    777
   946    777
   947    777
   948    777
   949    777
   950    777
   951    777
   934    778
   935    778
   936    778
   937    778
   938    778
   939    778
   940    778
   941    778
   942    778
   943    778
   944    778
   945    778
   946    778
   947    778
   948    778
   949    778
   932    779
   933    779
   934    779
   935    779
   936    779
   937    779
   938    779
   939    779
   940    779
   941    779
   942    779
   943    779
   944    779
   945    779
   946    779
   947    779
   948    779
   930    780
   931    780
   932    780
   933    780
   934    780
   935    780
   936    780
   937    780
   938    780
   939    780
   940    780
   941    780
   942    780
   943    780
   944    780
   945    780
   946    780
   929    781
   930    781
   931    781
   932    781
   933    781
   934    781
   935    781
   936    781
   937    781
   938    781
   939    781
   940    781
   941    781
   942    781
   943    781
   944    781
   927    782
   928    782
   929    782
   930    782
   931    782
   932    782
   933    782
   934    782
   935    782
   936    782
   937    782
   938    782
   939    782
   940    782
   941    782
   942    782
   943    782
   926    783
   927    783
   928    783
   929    783
   930    783
   931    783
   932    783
   933    783
   934    783
   935    783
   936    783
   937    783
   938    783
   939    783
   940    783
   941    783
   924    784
   925    784
   926    784
   927    784
   928    784
   929    784
   930    784
   931    784
   932    784
   933    784
   934    784
   935    784
   936    784
   937    784
   938    784
   939    784
   923    785
   924    785
   925    785
   926    785
   927    785
   928    785
   929    785
   930    785
   931    785
   932    785
   933    785
   934    785
   935    785
   936    785
   937    785
   921    786
   922    786
   923    786
   924    786
   925    786
   926    786
   927    786
   928    786
   929    786
   930    786
   931    786
   932    786
   933    786
   934    786
   935    786
   936    786
   922    787
   923    787
   924    787
   925    787
   926    787
   927    787
   928    787
   929    787
   930    787
   931    787
   932    787
   933    787
   934    787
   935    787
   924    788
   925    788
   926    788
   927    788
   928    788
   929    788
   930    788
   931    788
   932    788
   933    788
   934    788
   935    788
   936    788
   937    788
