   830    730
   831    730
   832    730
   833    730
   834    730
   835    730
   836    730
   837    730
   838    730
   839    730
   840    730
   841    730
   842    730
   843    730
   844    730
   845    730
   846    730
   847    730
   848    730
   849    730
   850    730
   851    730
   852    730
   853    730
   854    730
   855    730
   856    730
   857    730
   858    730
   859    730
   860    730
   861    730
   862    730
   863    730
   864    730
   865    730
   866    730
   867    730
   868    730
   869    730
   870    730
   871    730
   872    730
   873    730
   874    730
   875    730
   876    730
   877    730
   878    730
   879    730
   880    730
   881    730
   882    730
   883    730
   884    730
   885    730
   886    730
   887    730
   888    730
   889    730
   890    730
   891    730
   892    730
   893    730
   894    730
   895    730
   896    730
   897    730
   898    730
   899    730
   900    730
   901    730
   902    730
   903    730
   904    730
   905    730
   906    730
   907    730
   908    730
   909    730
   910    730
   911    730
   912    730
   913    730
   914    730
   915    730
   916    730
   917    730
   918    730
   919    730
   920    730
   921    730
   922    730
   923    730
   924    730
   925    730
   926    730
   927    730
   928    730
   929    730
   930    730
   931    730
   932    730
   933    730
   934    730
   935    730
   936    730
   937    730
   938    730
   939    730
   940    730
   941    730
   942    730
   943    730
   944    730
   945    730
   946    730
   947    730
   948    730
   949    730
   950    730
   951    730
   952    730
   953    730
   954    730
   955    730
   956    730
   957    730
   958    730
   959    730
   960    730
   961    730
   962    730
   963    730
   964    730
   965    730
   966    730
   828    731
   829    731
   830    731
   831    731
   832    731
   833    731
   834    731
   835    731
   836    731
   837    731
   838    731
   839    731
   840    731
   841    731
   842    731
   843    731
   844    731
   845    731
   846    731
   847    731
   848    731
   849    731
   850    731
   851    731
   852    731
   853    731
   854    731
   855    731
   856    731
   857    731
   858    731
   859    731
   860    731
   861    731
   862    731
   863    731
   864    731
   865    731
   866    731
   867    731
   868    731
   869    731
   870    731
   871    731
   872    731
   873    731
   874    731
   875    731
   876    731
   877    731
   878    731
   879    731
   880    731
   881    731
   882    731
   883    731
   884    731
   885    731
   886    731
   887    731
   888    731
   889    731
   890    731
   891    731
   892    731
   893    731
   894    731
   895    731
   896    731
   897    731
   898    731
   899    731
   900    731
   901    731
   902    731
   903    731
   904    731
   905    731
   906    731
   907    731
   908    731
   909    731
   910    731
   911    731
   912    731
   913    731
   914    731
   915    731
   916    731
   917    731
   918    731
   919    731
   920    731
   921    731
   922    731
   923    731
   924    731
   925    731
   926    731
   927    731
   928    731
   929    731
   930    731
   931    731
   932    731
   933    731
   934    731
   935    731
   936    731
   937    731
   938    731
   939    731
   940    731
   941    731
   942    731
   943    731
   944    731
   945    731
   946    731
   947    731
   948    731
   949    731
   950    731
   951    731
   952    731
   953    731
   954    731
   955    731
   956    731
   957    731
   958    731
   959    731
   960    731
   961    731
   962    731
   963    731
   964    731
   965    731
   826    732
   827    732
   828    732
   829    732
   830    732
   831    732
   832    732
   833    732
   834    732
   835    732
   836    732
   837    732
   838    732
   839    732
   840    732
   841    732
   842    732
   843    732
   844    732
   845    732
   846    732
   847    732
   848    732
   849    732
   850    732
   851    732
   852    732
   853    732
   854    732
   855    732
   856    732
   857    732
   858    732
   859    732
   860    732
   861    732
   862    732
   863    732
   864    732
   865    732
   866    732
   867    732
   868    732
   869    732
   870    732
   871    732
   872    732
   873    732
   874    732
   875    732
   876    732
   877    732
   878    732
   879    732
   880    732
   881    732
   882    732
   883    732
   884    732
   885    732
   886    732
   887    732
   888    732
   889    732
   890    732
   892    732
   893    732
   894    732
   895    732
   896    732
   897    732
   898    732
   899    732
   900    732
   901    732
   902    732
   903    732
   904    732
   905    732
   906    732
   907    732
   908    732
   909    732
   910    732
   911    732
   912    732
   913    732
   914    732
   915    732
   916    732
   917    732
   918    732
   919    732
   920    732
   921    732
   922    732
   923    732
   924    732
   925    732
   926    732
   927    732
   928    732
   929    732
   930    732
   931    732
   932    732
   933    732
   934    732
   935    732
   936    732
   937    732
   938    732
   939    732
   940    732
   941    732
   942    732
   943    732
   944    732
   945    732
   946    732
   947    732
   948    732
   949    732
   950    732
   951    732
   952    732
   953    732
   954    732
   955    732
   956    732
   957    732
   958    732
   959    732
   960    732
   961    732
   962    732
   963    732
   964    732
   824    733
   825    733
   826    733
   827    733
   828    733
   829    733
   830    733
   831    733
   832    733
   833    733
   834    733
   835    733
   836    733
   837    733
   838    733
   839    733
   840    733
   841    733
   842    733
   843    733
   844    733
   845    733
   846    733
   847    733
   848    733
   849    733
   850    733
   851    733
   852    733
   853    733
   854    733
   855    733
   856    733
   857    733
   858    733
   859    733
   860    733
   861    733
   862    733
   863    733
   864    733
   865    733
   866    733
   867    733
   868    733
   869    733
   870    733
   871    733
   872    733
   873    733
   874    733
   875    733
   876    733
   877    733
   878    733
   879    733
   880    733
   881    733
   882    733
   883    733
   884    733
   885    733
   886    733
   887    733
   888    733
   889    733
   890    733
   891    733
   892    733
   893    733
   894    733
   895    733
   896    733
   897    733
   898    733
   899    733
   900    733
   901    733
   902    733
   903    733
   904    733
   905    733
   906    733
   907    733
   908    733
   909    733
   910    733
   911    733
   912    733
   913    733
   914    733
   915    733
   916    733
   917    733
   918    733
   919    733
   920    733
   921    733
   922    733
   923    733
   924    733
   925    733
   926    733
   927    733
   928    733
   929    733
   930    733
   931    733
   932    733
   933    733
   934    733
   935    733
   936    733
   937    733
   938    733
   939    733
   940    733
   941    733
   942    733
   943    733
   944    733
   945    733
   946    733
   947    733
   948    733
   949    733
   950    733
   951    733
   952    733
   953    733
   954    733
   955    733
   956    733
   957    733
   958    733
   959    733
   960    733
   961    733
   962    733
   822    734
   823    734
   824    734
   825    734
   826    734
   827    734
   828    734
   829    734
   830    734
   831    734
   832    734
   833    734
   834    734
   835    734
   836    734
   837    734
   838    734
   839    734
   840    734
   841    734
   842    734
   843    734
   844    734
   845    734
   846    734
   847    734
   848    734
   849    734
   850    734
   851    734
   852    734
   853    734
   854    734
   855    734
   856    734
   857    734
   858    734
   859    734
   860    734
   861    734
   862    734
   863    734
   864    734
   865    734
   866    734
   867    734
   868    734
   869    734
   870    734
   871    734
   872    734
   873    734
   874    734
   875    734
   876    734
   877    734
   878    734
   879    734
   880    734
   881    734
   882    734
   883    734
   884    734
   885    734
   886    734
   887    734
   888    734
   889    734
   890    734
   891    734
   892    734
   893    734
   894    734
   895    734
   896    734
   897    734
   898    734
   899    734
   900    734
   901    734
   902    734
   903    734
   904    734
   905    734
   906    734
   907    734
   908    734
   909    734
   910    734
   911    734
   912    734
   913    734
   914    734
   915    734
   916    734
   917    734
   918    734
   919    734
   920    734
   921    734
   922    734
   923    734
   924    734
   925    734
   926    734
   927    734
   928    734
   929    734
   930    734
   931    734
   932    734
   933    734
   934    734
   935    734
   936    734
   937    734
   938    734
   939    734
   940    734
   941    734
   942    734
   943    734
   944    734
   945    734
   946    734
   947    734
   948    734
   949    734
   950    734
   951    734
   952    734
   953    734
   954    734
   955    734
   956    734
   957    734
   958    734
   959    734
   960    734
   961    734
   820    735
   821    735
   822    735
   823    735
   824    735
   825    735
   826    735
   827    735
   828    735
   829    735
   830    735
   831    735
   832    735
   833    735
   834    735
   835    735
   836    735
   837    735
   838    735
   839    735
   840    735
   841    735
   842    735
   843    735
   844    735
   845    735
   846    735
   847    735
   848    735
   849    735
   850    735
   851    735
   852    735
   853    735
   854    735
   855    735
   856    735
   857    735
   858    735
   859    735
   860    735
   861    735
   862    735
   863    735
   864    735
   865    735
   866    735
   867    735
   868    735
   869    735
   870    735
   871    735
   872    735
   873    735
   874    735
   875    735
   876    735
   877    735
   878    735
   879    735
   880    735
   881    735
   882    735
   883    735
   884    735
   885    735
   886    735
   887    735
   888    735
   889    735
   891    735
   892    735
   893    735
   894    735
   895    735
   896    735
   897    735
   898    735
   899    735
   900    735
   901    735
   902    735
   903    735
   904    735
   905    735
   906    735
   907    735
   908    735
   909    735
   910    735
   911    735
   912    735
   913    735
   914    735
   915    735
   916    735
   917    735
   918    735
   919    735
   920    735
   921    735
   922    735
   923    735
   924    735
   925    735
   926    735
   927    735
   928    735
   929    735
   930    735
   931    735
   932    735
   933    735
   934    735
   935    735
   936    735
   937    735
   938    735
   939    735
   940    735
   941    735
   942    735
   943    735
   944    735
   945    735
   946    735
   947    735
   948    735
   949    735
   950    735
   951    735
   952    735
   953    735
   954    735
   955    735
   956    735
   957    735
   958    735
   959    735
   960    735
   818    736
   819    736
   820    736
   821    736
   822    736
   823    736
   824    736
   825    736
   826    736
   827    736
   828    736
   829    736
   830    736
   831    736
   832    736
   833    736
   834    736
   835    736
   836    736
   837    736
   838    736
   839    736
   840    736
   841    736
   842    736
   843    736
   844    736
   845    736
   846    736
   847    736
   848    736
   849    736
   850    736
   851    736
   852    736
   853    736
   854    736
   855    736
   856    736
   857    736
   858    736
   859    736
   860    736
   861    736
   862    736
   863    736
   864    736
   865    736
   866    736
   867    736
   868    736
   869    736
   870    736
   871    736
   872    736
   873    736
   874    736
   875    736
   876    736
   877    736
   878    736
   879    736
   880    736
   881    736
   882    736
   883    736
   884    736
   885    736
   886    736
   887    736
   888    736
   889    736
   891    736
   892    736
   893    736
   894    736
   895    736
   896    736
   897    736
   898    736
   899    736
   900    736
   901    736
   902    736
   903    736
   904    736
   905    736
   906    736
   907    736
   908    736
   909    736
   910    736
   911    736
   912    736
   913    736
   914    736
   915    736
   916    736
   917    736
   918    736
   919    736
   920    736
   921    736
   922    736
   923    736
   924    736
   925    736
   926    736
   927    736
   928    736
   929    736
   930    736
   931    736
   932    736
   933    736
   934    736
   935    736
   936    736
   937    736
   938    736
   939    736
   940    736
   941    736
   942    736
   943    736
   944    736
   945    736
   946    736
   947    736
   948    736
   949    736
   950    736
   951    736
   952    736
   953    736
   954    736
   955    736
   956    736
   957    736
   958    736
   959    736
   816    737
   817    737
   818    737
   819    737
   820    737
   821    737
   822    737
   823    737
   824    737
   825    737
   826    737
   827    737
   828    737
   829    737
   830    737
   831    737
   832    737
   833    737
   834    737
   835    737
   836    737
   837    737
   838    737
   839    737
   840    737
   841    737
   842    737
   843    737
   844    737
   845    737
   846    737
   847    737
   848    737
   849    737
   850    737
   851    737
   852    737
   853    737
   854    737
   855    737
   856    737
   857    737
   858    737
   859    737
   860    737
   861    737
   862    737
   863    737
   864    737
   865    737
   866    737
   867    737
   868    737
   869    737
   870    737
   871    737
   872    737
   873    737
   874    737
   875    737
   876    737
   877    737
   878    737
   879    737
   880    737
   881    737
   882    737
   883    737
   884    737
   885    737
   886    737
   887    737
   888    737
   890    737
   891    737
   892    737
   893    737
   894    737
   895    737
   896    737
   897    737
   898    737
   899    737
   900    737
   901    737
   902    737
   903    737
   904    737
   905    737
   906    737
   907    737
   908    737
   909    737
   910    737
   911    737
   912    737
   913    737
   914    737
   915    737
   916    737
   917    737
   918    737
   919    737
   920    737
   921    737
   922    737
   923    737
   924    737
   925    737
   926    737
   927    737
   928    737
   929    737
   930    737
   931    737
   932    737
   933    737
   934    737
   935    737
   936    737
   937    737
   938    737
   939    737
   940    737
   941    737
   942    737
   943    737
   944    737
   945    737
   946    737
   947    737
   948    737
   949    737
   950    737
   951    737
   952    737
   953    737
   954    737
   955    737
   956    737
   957    737
   958    737
   814    738
   815    738
   816    738
   817    738
   818    738
   819    738
   820    738
   821    738
   822    738
   823    738
   824    738
   825    738
   826    738
   827    738
   828    738
   829    738
   830    738
   831    738
   832    738
   833    738
   834    738
   835    738
   836    738
   837    738
   838    738
   839    738
   840    738
   841    738
   842    738
   843    738
   844    738
   845    738
   846    738
   847    738
   848    738
   849    738
   850    738
   851    738
   852    738
   853    738
   854    738
   855    738
   856    738
   857    738
   858    738
   859    738
   860    738
   861    738
   862    738
   863    738
   864    738
   865    738
   866    738
   867    738
   868    738
   869    738
   870    738
   871    738
   872    738
   873    738
   874    738
   875    738
   876    738
   877    738
   878    738
   879    738
   880    738
   881    738
   882    738
   883    738
   884    738
   885    738
   886    738
   887    738
   888    738
   890    738
   891    738
   892    738
   893    738
   894    738
   895    738
   896    738
   897    738
   898    738
   899    738
   900    738
   901    738
   902    738
   903    738
   904    738
   905    738
   906    738
   907    738
   908    738
   909    738
   910    738
   911    738
   912    738
   913    738
   914    738
   915    738
   916    738
   917    738
   918    738
   919    738
   920    738
   921    738
   922    738
   923    738
   924    738
   925    738
   926    738
   927    738
   928    738
   929    738
   930    738
   931    738
   932    738
   933    738
   934    738
   935    738
   936    738
   937    738
   938    738
   939    738
   940    738
   941    738
   942    738
   943    738
   944    738
   945    738
   946    738
   947    738
   948    738
   949    738
   950    738
   951    738
   952    738
   953    738
   954    738
   955    738
   956    738
   957    738
   812    739
   813    739
   814    739
   815    739
   816    739
   817    739
   818    739
   819    739
   820    739
   821    739
   822    739
   823    739
   824    739
   825    739
   826    739
   827    739
   828    739
   829    739
   830    739
   831    739
   832    739
   833    739
   834    739
   835    739
   836    739
   837    739
   838    739
   839    739
   840    739
   841    739
   842    739
   843    739
   844    739
   845    739
   846    739
   847    739
   848    739
   849    739
   850    739
   851    739
   852    739
   853    739
   854    739
   855    739
   856    739
   857    739
   858    739
   859    739
   860    739
   861    739
   862    739
   863    739
   864    739
   865    739
   866    739
   867    739
   868    739
   869    739
   870    739
   871    739
   872    739
   873    739
   874    739
   875    739
   876    739
   877    739
   878    739
   879    739
   880    739
   881    739
   882    739
   883    739
   884    739
   885    739
   886    739
   887    739
   888    739
   889    739
   890    739
   891    739
   892    739
   893    739
   894    739
   895    739
   896    739
   897    739
   898    739
   899    739
   900    739
   901    739
   902    739
   903    739
   904    739
   905    739
   906    739
   907    739
   908    739
   909    739
   910    739
   911    739
   912    739
   913    739
   914    739
   915    739
   916    739
   917    739
   918    739
   919    739
   920    739
   921    739
   922    739
   923    739
   924    739
   925    739
   926    739
   927    739
   928    739
   929    739
   930    739
   931    739
   932    739
   933    739
   934    739
   935    739
   936    739
   937    739
   938    739
   939    739
   940    739
   941    739
   942    739
   943    739
   944    739
   945    739
   946    739
   947    739
   948    739
   949    739
   950    739
   951    739
   952    739
   953    739
   954    739
   955    739
   956    739
   810    740
   811    740
   812    740
   813    740
   814    740
   815    740
   816    740
   817    740
   818    740
   819    740
   820    740
   821    740
   822    740
   823    740
   824    740
   825    740
   826    740
   827    740
   828    740
   829    740
   830    740
   831    740
   832    740
   833    740
   834    740
   835    740
   836    740
   837    740
   838    740
   839    740
   840    740
   841    740
   842    740
   843    740
   844    740
   845    740
   846    740
   847    740
   848    740
   849    740
   850    740
   851    740
   852    740
   853    740
   854    740
   855    740
   856    740
   857    740
   858    740
   859    740
   860    740
   861    740
   862    740
   863    740
   864    740
   865    740
   866    740
   867    740
   868    740
   869    740
   870    740
   871    740
   872    740
   873    740
   874    740
   875    740
   876    740
   877    740
   878    740
   879    740
   880    740
   881    740
   882    740
   883    740
   884    740
   885    740
   886    740
   887    740
   889    740
   890    740
   891    740
   892    740
   893    740
   894    740
   895    740
   896    740
   897    740
   898    740
   899    740
   900    740
   901    740
   902    740
   903    740
   904    740
   905    740
   906    740
   907    740
   908    740
   909    740
   910    740
   911    740
   912    740
   913    740
   914    740
   915    740
   916    740
   917    740
   918    740
   919    740
   920    740
   921    740
   922    740
   923    740
   924    740
   925    740
   926    740
   927    740
   928    740
   929    740
   930    740
   931    740
   932    740
   933    740
   934    740
   935    740
   936    740
   937    740
   938    740
   939    740
   940    740
   941    740
   942    740
   943    740
   944    740
   945    740
   946    740
   947    740
   948    740
   949    740
   950    740
   951    740
   952    740
   953    740
   954    740
   955    740
   808    741
   809    741
   810    741
   811    741
   812    741
   813    741
   814    741
   815    741
   816    741
   817    741
   818    741
   819    741
   820    741
   821    741
   822    741
   823    741
   824    741
   825    741
   826    741
   827    741
   828    741
   829    741
   830    741
   831    741
   832    741
   833    741
   834    741
   835    741
   836    741
   837    741
   838    741
   839    741
   840    741
   841    741
   842    741
   843    741
   844    741
   845    741
   846    741
   847    741
   848    741
   849    741
   850    741
   851    741
   852    741
   853    741
   854    741
   855    741
   856    741
   857    741
   858    741
   859    741
   860    741
   861    741
   862    741
   863    741
   864    741
   865    741
   866    741
   867    741
   868    741
   869    741
   870    741
   871    741
   872    741
   873    741
   874    741
   875    741
   876    741
   877    741
   878    741
   879    741
   880    741
   881    741
   882    741
   883    741
   884    741
   885    741
   886    741
   887    741
   889    741
   890    741
   891    741
   892    741
   893    741
   894    741
   895    741
   896    741
   897    741
   898    741
   899    741
   900    741
   901    741
   902    741
   903    741
   904    741
   905    741
   906    741
   907    741
   908    741
   909    741
   910    741
   911    741
   912    741
   913    741
   914    741
   915    741
   916    741
   917    741
   918    741
   919    741
   920    741
   921    741
   922    741
   923    741
   924    741
   925    741
   926    741
   927    741
   928    741
   929    741
   930    741
   931    741
   932    741
   933    741
   934    741
   935    741
   936    741
   937    741
   938    741
   939    741
   940    741
   941    741
   942    741
   943    741
   944    741
   945    741
   946    741
   947    741
   948    741
   949    741
   950    741
   951    741
   952    741
   953    741
   806    742
   807    742
   808    742
   809    742
   810    742
   811    742
   812    742
   813    742
   814    742
   815    742
   816    742
   817    742
   818    742
   819    742
   820    742
   821    742
   822    742
   823    742
   824    742
   825    742
   826    742
   827    742
   828    742
   829    742
   830    742
   831    742
   832    742
   833    742
   834    742
   835    742
   836    742
   837    742
   838    742
   839    742
   840    742
   841    742
   842    742
   843    742
   844    742
   845    742
   846    742
   847    742
   848    742
   849    742
   850    742
   851    742
   852    742
   853    742
   854    742
   855    742
   856    742
   857    742
   858    742
   859    742
   860    742
   861    742
   862    742
   863    742
   864    742
   865    742
   866    742
   867    742
   868    742
   869    742
   870    742
   871    742
   872    742
   873    742
   874    742
   875    742
   876    742
   877    742
   878    742
   879    742
   880    742
   881    742
   882    742
   883    742
   884    742
   885    742
   886    742
   887    742
   889    742
   890    742
   891    742
   892    742
   893    742
   894    742
   895    742
   896    742
   897    742
   898    742
   899    742
   900    742
   901    742
   902    742
   903    742
   904    742
   905    742
   906    742
   907    742
   908    742
   909    742
   910    742
   911    742
   912    742
   913    742
   914    742
   915    742
   916    742
   917    742
   918    742
   919    742
   920    742
   921    742
   922    742
   923    742
   924    742
   925    742
   926    742
   927    742
   928    742
   929    742
   930    742
   931    742
   932    742
   933    742
   934    742
   935    742
   936    742
   937    742
   938    742
   939    742
   940    742
   941    742
   942    742
   943    742
   944    742
   945    742
   946    742
   947    742
   948    742
   949    742
   950    742
   951    742
   952    742
   953    742
   804    743
   805    743
   806    743
   807    743
   808    743
   809    743
   810    743
   811    743
   812    743
   813    743
   814    743
   815    743
   816    743
   817    743
   818    743
   819    743
   820    743
   821    743
   822    743
   823    743
   824    743
   825    743
   826    743
   827    743
   828    743
   829    743
   830    743
   831    743
   832    743
   833    743
   834    743
   835    743
   836    743
   837    743
   838    743
   839    743
   840    743
   841    743
   842    743
   843    743
   844    743
   845    743
   846    743
   847    743
   848    743
   849    743
   850    743
   851    743
   852    743
   853    743
   854    743
   855    743
   856    743
   857    743
   858    743
   859    743
   860    743
   861    743
   862    743
   863    743
   864    743
   865    743
   866    743
   867    743
   868    743
   869    743
   870    743
   871    743
   872    743
   873    743
   874    743
   875    743
   876    743
   877    743
   878    743
   879    743
   880    743
   881    743
   882    743
   883    743
   884    743
   885    743
   886    743
   889    743
   890    743
   891    743
   892    743
   893    743
   894    743
   895    743
   896    743
   897    743
   898    743
   899    743
   900    743
   901    743
   902    743
   903    743
   904    743
   905    743
   906    743
   907    743
   908    743
   909    743
   910    743
   911    743
   912    743
   913    743
   914    743
   915    743
   916    743
   917    743
   918    743
   919    743
   920    743
   921    743
   922    743
   923    743
   924    743
   925    743
   926    743
   927    743
   928    743
   929    743
   930    743
   931    743
   932    743
   933    743
   934    743
   935    743
   936    743
   937    743
   938    743
   939    743
   940    743
   941    743
   942    743
   943    743
   944    743
   945    743
   946    743
   947    743
   948    743
   949    743
   950    743
   951    743
   952    743
   802    744
   803    744
   804    744
   805    744
   806    744
   807    744
   808    744
   809    744
   810    744
   811    744
   812    744
   813    744
   814    744
   815    744
   816    744
   817    744
   818    744
   819    744
   820    744
   821    744
   822    744
   823    744
   824    744
   825    744
   826    744
   827    744
   828    744
   829    744
   830    744
   831    744
   832    744
   833    744
   834    744
   835    744
   836    744
   837    744
   838    744
   839    744
   840    744
   841    744
   842    744
   843    744
   844    744
   845    744
   846    744
   847    744
   848    744
   849    744
   850    744
   851    744
   852    744
   853    744
   854    744
   855    744
   856    744
   857    744
   858    744
   859    744
   860    744
   861    744
   862    744
   863    744
   864    744
   865    744
   866    744
   867    744
   868    744
   869    744
   870    744
   871    744
   872    744
   873    744
   874    744
   875    744
   876    744
   877    744
   878    744
   879    744
   880    744
   881    744
   882    744
   883    744
   884    744
   885    744
   886    744
   888    744
   889    744
   890    744
   891    744
   892    744
   893    744
   894    744
   895    744
   896    744
   897    744
   898    744
   899    744
   900    744
   901    744
   903    744
   904    744
   905    744
   906    744
   907    744
   908    744
   909    744
   910    744
   911    744
   912    744
   913    744
   914    744
   915    744
   916    744
   917    744
   918    744
   919    744
   920    744
   921    744
   922    744
   923    744
   924    744
   925    744
   926    744
   927    744
   928    744
   929    744
   930    744
   931    744
   932    744
   933    744
   934    744
   935    744
   936    744
   937    744
   938    744
   939    744
   940    744
   941    744
   942    744
   943    744
   944    744
   945    744
   946    744
   947    744
   948    744
   949    744
   950    744
   951    744
   800    745
   801    745
   802    745
   803    745
   804    745
   805    745
   806    745
   807    745
   808    745
   809    745
   810    745
   811    745
   812    745
   813    745
   814    745
   815    745
   816    745
   817    745
   818    745
   819    745
   820    745
   821    745
   822    745
   823    745
   824    745
   825    745
   826    745
   827    745
   828    745
   829    745
   830    745
   831    745
   832    745
   833    745
   834    745
   835    745
   836    745
   837    745
   838    745
   839    745
   840    745
   841    745
   842    745
   843    745
   844    745
   845    745
   846    745
   847    745
   848    745
   849    745
   850    745
   851    745
   852    745
   853    745
   854    745
   855    745
   856    745
   857    745
   858    745
   859    745
   860    745
   861    745
   862    745
   863    745
   864    745
   865    745
   866    745
   867    745
   868    745
   869    745
   870    745
   871    745
   872    745
   873    745
   874    745
   875    745
   876    745
   877    745
   878    745
   879    745
   880    745
   881    745
   882    745
   883    745
   884    745
   885    745
   886    745
   888    745
   889    745
   890    745
   891    745
   892    745
   893    745
   894    745
   895    745
   896    745
   897    745
   898    745
   899    745
   900    745
   901    745
   903    745
   904    745
   905    745
   906    745
   907    745
   908    745
   909    745
   910    745
   911    745
   912    745
   913    745
   914    745
   915    745
   916    745
   917    745
   918    745
   919    745
   920    745
   921    745
   922    745
   923    745
   924    745
   925    745
   926    745
   927    745
   928    745
   929    745
   930    745
   931    745
   932    745
   933    745
   934    745
   935    745
   936    745
   937    745
   938    745
   939    745
   940    745
   941    745
   942    745
   943    745
   944    745
   945    745
   946    745
   947    745
   948    745
   949    745
   950    745
   798    746
   799    746
   800    746
   801    746
   802    746
   803    746
   804    746
   805    746
   806    746
   807    746
   808    746
   809    746
   810    746
   811    746
   812    746
   813    746
   814    746
   815    746
   816    746
   817    746
   818    746
   819    746
   820    746
   821    746
   822    746
   823    746
   824    746
   825    746
   826    746
   827    746
   828    746
   829    746
   830    746
   831    746
   832    746
   833    746
   834    746
   835    746
   836    746
   837    746
   838    746
   839    746
   840    746
   841    746
   842    746
   843    746
   844    746
   845    746
   846    746
   847    746
   848    746
   849    746
   850    746
   851    746
   852    746
   853    746
   854    746
   855    746
   856    746
   857    746
   858    746
   859    746
   860    746
   861    746
   862    746
   863    746
   864    746
   865    746
   866    746
   867    746
   868    746
   869    746
   870    746
   871    746
   872    746
   873    746
   874    746
   875    746
   876    746
   877    746
   878    746
   879    746
   880    746
   881    746
   882    746
   883    746
   884    746
   885    746
   886    746
   888    746
   889    746
   890    746
   891    746
   892    746
   893    746
   894    746
   895    746
   896    746
   897    746
   898    746
   899    746
   900    746
   901    746
   902    746
   903    746
   904    746
   905    746
   906    746
   907    746
   908    746
   909    746
   910    746
   911    746
   912    746
   913    746
   914    746
   915    746
   916    746
   917    746
   918    746
   919    746
   920    746
   921    746
   922    746
   923    746
   924    746
   925    746
   926    746
   927    746
   928    746
   929    746
   930    746
   931    746
   932    746
   933    746
   934    746
   935    746
   936    746
   937    746
   938    746
   939    746
   940    746
   941    746
   942    746
   943    746
   944    746
   945    746
   946    746
   947    746
   948    746
   949    746
   796    747
   797    747
   798    747
   799    747
   800    747
   801    747
   802    747
   803    747
   804    747
   805    747
   806    747
   807    747
   808    747
   809    747
   810    747
   811    747
   812    747
   813    747
   814    747
   815    747
   816    747
   817    747
   818    747
   819    747
   820    747
   821    747
   822    747
   823    747
   824    747
   825    747
   826    747
   827    747
   828    747
   829    747
   830    747
   831    747
   832    747
   833    747
   834    747
   835    747
   836    747
   837    747
   838    747
   839    747
   840    747
   841    747
   842    747
   843    747
   844    747
   845    747
   846    747
   847    747
   848    747
   849    747
   850    747
   851    747
   852    747
   853    747
   854    747
   855    747
   856    747
   857    747
   858    747
   859    747
   860    747
   861    747
   862    747
   863    747
   864    747
   865    747
   866    747
   867    747
   868    747
   869    747
   870    747
   871    747
   872    747
   873    747
   874    747
   875    747
   876    747
   877    747
   878    747
   879    747
   880    747
   881    747
   882    747
   883    747
   884    747
   885    747
   886    747
   887    747
   888    747
   889    747
   890    747
   891    747
   892    747
   893    747
   894    747
   895    747
   896    747
   897    747
   898    747
   899    747
   900    747
   901    747
   902    747
   903    747
   904    747
   905    747
   906    747
   907    747
   908    747
   909    747
   910    747
   911    747
   912    747
   913    747
   914    747
   915    747
   916    747
   917    747
   918    747
   919    747
   920    747
   921    747
   922    747
   923    747
   924    747
   925    747
   926    747
   927    747
   928    747
   929    747
   930    747
   931    747
   932    747
   933    747
   934    747
   935    747
   936    747
   937    747
   938    747
   939    747
   940    747
   941    747
   942    747
   943    747
   944    747
   945    747
   946    747
   947    747
   948    747
   794    748
   795    748
   796    748
   797    748
   798    748
   799    748
   800    748
   801    748
   802    748
   803    748
   804    748
   805    748
   806    748
   807    748
   808    748
   809    748
   810    748
   811    748
   812    748
   813    748
   814    748
   815    748
   816    748
   817    748
   818    748
   819    748
   820    748
   821    748
   822    748
   823    748
   824    748
   825    748
   826    748
   827    748
   828    748
   829    748
   830    748
   831    748
   832    748
   833    748
   834    748
   835    748
   836    748
   837    748
   838    748
   839    748
   840    748
   841    748
   842    748
   843    748
   844    748
   845    748
   846    748
   847    748
   848    748
   849    748
   850    748
   851    748
   852    748
   853    748
   854    748
   855    748
   856    748
   857    748
   858    748
   859    748
   860    748
   861    748
   862    748
   863    748
   864    748
   865    748
   866    748
   867    748
   868    748
   869    748
   870    748
   871    748
   872    748
   873    748
   874    748
   875    748
   876    748
   877    748
   878    748
   879    748
   880    748
   881    748
   882    748
   883    748
   884    748
   885    748
   886    748
   887    748
   888    748
   889    748
   890    748
   891    748
   892    748
   893    748
   894    748
   895    748
   896    748
   897    748
   898    748
   899    748
   900    748
   901    748
   903    748
   904    748
   905    748
   906    748
   907    748
   908    748
   909    748
   910    748
   911    748
   912    748
   913    748
   914    748
   915    748
   916    748
   917    748
   918    748
   919    748
   920    748
   921    748
   922    748
   923    748
   924    748
   925    748
   926    748
   927    748
   928    748
   929    748
   930    748
   931    748
   932    748
   933    748
   934    748
   935    748
   936    748
   937    748
   938    748
   939    748
   940    748
   941    748
   942    748
   943    748
   944    748
   945    748
   946    748
   947    748
   792    749
   793    749
   794    749
   795    749
   796    749
   797    749
   798    749
   799    749
   800    749
   801    749
   802    749
   803    749
   804    749
   805    749
   806    749
   807    749
   808    749
   809    749
   810    749
   811    749
   812    749
   813    749
   814    749
   815    749
   816    749
   817    749
   818    749
   819    749
   820    749
   821    749
   822    749
   823    749
   824    749
   825    749
   826    749
   827    749
   828    749
   829    749
   830    749
   831    749
   832    749
   833    749
   834    749
   835    749
   836    749
   837    749
   838    749
   839    749
   840    749
   841    749
   842    749
   843    749
   844    749
   845    749
   846    749
   847    749
   848    749
   849    749
   850    749
   851    749
   852    749
   853    749
   854    749
   855    749
   856    749
   857    749
   858    749
   859    749
   860    749
   861    749
   862    749
   863    749
   864    749
   865    749
   866    749
   867    749
   868    749
   869    749
   870    749
   871    749
   872    749
   873    749
   874    749
   875    749
   876    749
   877    749
   878    749
   879    749
   880    749
   881    749
   882    749
   883    749
   884    749
   885    749
   886    749
   887    749
   888    749
   889    749
   890    749
   891    749
   892    749
   893    749
   894    749
   895    749
   896    749
   897    749
   898    749
   899    749
   900    749
   901    749
   903    749
   904    749
   905    749
   906    749
   907    749
   908    749
   909    749
   910    749
   911    749
   912    749
   913    749
   914    749
   915    749
   916    749
   917    749
   918    749
   919    749
   920    749
   921    749
   922    749
   923    749
   924    749
   925    749
   926    749
   927    749
   928    749
   929    749
   930    749
   931    749
   932    749
   933    749
   934    749
   935    749
   936    749
   937    749
   938    749
   939    749
   940    749
   941    749
   942    749
   943    749
   944    749
   945    749
   946    749
   790    750
   791    750
   792    750
   793    750
   794    750
   795    750
   796    750
   797    750
   798    750
   799    750
   800    750
   801    750
   802    750
   803    750
   804    750
   805    750
   806    750
   807    750
   808    750
   809    750
   810    750
   811    750
   812    750
   813    750
   814    750
   815    750
   816    750
   817    750
   818    750
   819    750
   820    750
   821    750
   822    750
   823    750
   824    750
   825    750
   826    750
   827    750
   828    750
   829    750
   830    750
   831    750
   832    750
   833    750
   834    750
   835    750
   836    750
   837    750
   838    750
   839    750
   840    750
   841    750
   842    750
   843    750
   844    750
   845    750
   846    750
   847    750
   848    750
   849    750
   850    750
   851    750
   852    750
   853    750
   854    750
   855    750
   856    750
   857    750
   858    750
   859    750
   860    750
   861    750
   862    750
   863    750
   864    750
   865    750
   866    750
   867    750
   868    750
   869    750
   870    750
   871    750
   872    750
   873    750
   874    750
   875    750
   876    750
   877    750
   878    750
   879    750
   880    750
   881    750
   882    750
   883    750
   884    750
   885    750
   886    750
   887    750
   888    750
   889    750
   890    750
   891    750
   892    750
   893    750
   894    750
   895    750
   896    750
   897    750
   898    750
   899    750
   900    750
   901    750
   903    750
   904    750
   905    750
   906    750
   907    750
   908    750
   909    750
   910    750
   911    750
   912    750
   913    750
   914    750
   915    750
   916    750
   917    750
   918    750
   919    750
   920    750
   921    750
   922    750
   923    750
   924    750
   925    750
   926    750
   927    750
   928    750
   929    750
   930    750
   931    750
   932    750
   933    750
   934    750
   935    750
   936    750
   937    750
   938    750
   939    750
   940    750
   941    750
   942    750
   943    750
   944    750
   945    750
   788    751
   789    751
   790    751
   791    751
   792    751
   793    751
   794    751
   795    751
   796    751
   797    751
   798    751
   799    751
   800    751
   801    751
   802    751
   803    751
   804    751
   805    751
   806    751
   807    751
   808    751
   809    751
   810    751
   811    751
   812    751
   813    751
   814    751
   815    751
   816    751
   817    751
   818    751
   819    751
   820    751
   821    751
   822    751
   823    751
   824    751
   825    751
   826    751
   827    751
   828    751
   829    751
   830    751
   831    751
   832    751
   833    751
   834    751
   835    751
   836    751
   837    751
   838    751
   839    751
   840    751
   841    751
   842    751
   843    751
   844    751
   845    751
   846    751
   847    751
   848    751
   849    751
   850    751
   851    751
   852    751
   853    751
   854    751
   855    751
   856    751
   857    751
   858    751
   859    751
   860    751
   861    751
   862    751
   863    751
   864    751
   865    751
   866    751
   867    751
   868    751
   869    751
   870    751
   871    751
   872    751
   873    751
   874    751
   875    751
   876    751
   877    751
   878    751
   879    751
   880    751
   881    751
   882    751
   883    751
   884    751
   885    751
   886    751
   887    751
   888    751
   889    751
   890    751
   891    751
   892    751
   893    751
   894    751
   895    751
   896    751
   897    751
   898    751
   899    751
   900    751
   901    751
   902    751
   903    751
   904    751
   905    751
   906    751
   907    751
   908    751
   909    751
   910    751
   911    751
   912    751
   913    751
   914    751
   915    751
   916    751
   917    751
   918    751
   919    751
   920    751
   921    751
   922    751
   923    751
   924    751
   925    751
   926    751
   927    751
   928    751
   929    751
   930    751
   931    751
   932    751
   933    751
   934    751
   935    751
   936    751
   937    751
   938    751
   939    751
   940    751
   941    751
   942    751
   943    751
   944    751
   786    752
   787    752
   788    752
   789    752
   790    752
   791    752
   792    752
   793    752
   794    752
   795    752
   796    752
   797    752
   798    752
   799    752
   800    752
   801    752
   802    752
   803    752
   804    752
   805    752
   806    752
   807    752
   808    752
   809    752
   810    752
   811    752
   812    752
   813    752
   814    752
   815    752
   816    752
   817    752
   818    752
   819    752
   820    752
   821    752
   822    752
   823    752
   824    752
   825    752
   826    752
   827    752
   828    752
   829    752
   830    752
   831    752
   832    752
   833    752
   834    752
   835    752
   836    752
   837    752
   838    752
   839    752
   840    752
   841    752
   842    752
   843    752
   844    752
   845    752
   846    752
   847    752
   848    752
   849    752
   850    752
   851    752
   852    752
   853    752
   854    752
   855    752
   856    752
   857    752
   858    752
   859    752
   860    752
   861    752
   862    752
   863    752
   864    752
   865    752
   866    752
   867    752
   868    752
   869    752
   870    752
   871    752
   872    752
   873    752
   874    752
   875    752
   876    752
   877    752
   878    752
   879    752
   880    752
   881    752
   882    752
   883    752
   884    752
   885    752
   886    752
   887    752
   888    752
   889    752
   890    752
   891    752
   892    752
   893    752
   894    752
   895    752
   896    752
   897    752
   898    752
   899    752
   900    752
   901    752
   903    752
   904    752
   905    752
   906    752
   907    752
   908    752
   909    752
   910    752
   911    752
   912    752
   913    752
   914    752
   915    752
   916    752
   917    752
   918    752
   919    752
   920    752
   921    752
   922    752
   923    752
   924    752
   925    752
   926    752
   927    752
   928    752
   929    752
   930    752
   931    752
   932    752
   933    752
   934    752
   935    752
   936    752
   937    752
   938    752
   939    752
   940    752
   941    752
   942    752
   943    752
   784    753
   785    753
   786    753
   787    753
   788    753
   789    753
   790    753
   791    753
   792    753
   793    753
   794    753
   795    753
   796    753
   797    753
   798    753
   799    753
   800    753
   801    753
   802    753
   803    753
   804    753
   805    753
   806    753
   807    753
   808    753
   809    753
   810    753
   811    753
   812    753
   813    753
   814    753
   815    753
   816    753
   817    753
   818    753
   819    753
   820    753
   821    753
   822    753
   823    753
   824    753
   825    753
   826    753
   827    753
   828    753
   829    753
   830    753
   831    753
   832    753
   833    753
   834    753
   835    753
   836    753
   837    753
   838    753
   839    753
   840    753
   841    753
   842    753
   843    753
   844    753
   845    753
   846    753
   847    753
   848    753
   849    753
   850    753
   851    753
   852    753
   853    753
   854    753
   855    753
   856    753
   857    753
   858    753
   859    753
   860    753
   861    753
   862    753
   863    753
   864    753
   865    753
   866    753
   867    753
   868    753
   869    753
   870    753
   871    753
   872    753
   873    753
   874    753
   875    753
   876    753
   877    753
   878    753
   879    753
   880    753
   881    753
   882    753
   883    753
   884    753
   885    753
   886    753
   887    753
   888    753
   889    753
   890    753
   891    753
   892    753
   893    753
   894    753
   895    753
   896    753
   897    753
   898    753
   899    753
   900    753
   901    753
   902    753
   903    753
   904    753
   905    753
   906    753
   907    753
   908    753
   909    753
   910    753
   911    753
   912    753
   913    753
   914    753
   915    753
   916    753
   917    753
   918    753
   919    753
   920    753
   921    753
   922    753
   923    753
   924    753
   925    753
   926    753
   927    753
   928    753
   929    753
   930    753
   931    753
   932    753
   933    753
   934    753
   935    753
   936    753
   937    753
   938    753
   939    753
   940    753
   941    753
   942    753
   782    754
   783    754
   784    754
   785    754
   786    754
   787    754
   788    754
   789    754
   790    754
   791    754
   792    754
   793    754
   794    754
   795    754
   796    754
   797    754
   798    754
   799    754
   800    754
   801    754
   802    754
   803    754
   804    754
   805    754
   806    754
   807    754
   808    754
   809    754
   810    754
   811    754
   812    754
   813    754
   814    754
   815    754
   816    754
   817    754
   818    754
   819    754
   820    754
   821    754
   822    754
   823    754
   824    754
   825    754
   826    754
   827    754
   828    754
   829    754
   830    754
   831    754
   832    754
   833    754
   834    754
   835    754
   836    754
   837    754
   838    754
   839    754
   840    754
   841    754
   842    754
   843    754
   844    754
   845    754
   846    754
   847    754
   848    754
   849    754
   850    754
   851    754
   852    754
   853    754
   854    754
   855    754
   856    754
   857    754
   858    754
   859    754
   860    754
   861    754
   862    754
   863    754
   864    754
   865    754
   866    754
   867    754
   868    754
   869    754
   870    754
   871    754
   872    754
   873    754
   874    754
   875    754
   876    754
   877    754
   878    754
   879    754
   880    754
   881    754
   882    754
   883    754
   884    754
   885    754
   886    754
   887    754
   888    754
   889    754
   890    754
   891    754
   892    754
   893    754
   894    754
   895    754
   896    754
   897    754
   898    754
   899    754
   900    754
   901    754
   902    754
   903    754
   904    754
   905    754
   906    754
   907    754
   908    754
   909    754
   910    754
   911    754
   912    754
   913    754
   914    754
   915    754
   916    754
   917    754
   918    754
   919    754
   920    754
   921    754
   922    754
   923    754
   924    754
   925    754
   926    754
   927    754
   928    754
   929    754
   930    754
   931    754
   932    754
   933    754
   934    754
   935    754
   936    754
   937    754
   938    754
   939    754
   940    754
   941    754
   780    755
   781    755
   782    755
   783    755
   784    755
   785    755
   786    755
   787    755
   788    755
   789    755
   790    755
   791    755
   792    755
   793    755
   794    755
   795    755
   796    755
   797    755
   798    755
   799    755
   800    755
   801    755
   802    755
   803    755
   804    755
   805    755
   806    755
   807    755
   808    755
   809    755
   810    755
   811    755
   812    755
   813    755
   814    755
   815    755
   816    755
   817    755
   818    755
   819    755
   820    755
   821    755
   822    755
   823    755
   824    755
   825    755
   826    755
   827    755
   828    755
   829    755
   830    755
   831    755
   832    755
   833    755
   834    755
   835    755
   836    755
   837    755
   838    755
   839    755
   840    755
   841    755
   842    755
   843    755
   844    755
   845    755
   846    755
   847    755
   848    755
   849    755
   850    755
   851    755
   852    755
   853    755
   854    755
   855    755
   856    755
   857    755
   858    755
   859    755
   860    755
   861    755
   862    755
   863    755
   864    755
   865    755
   866    755
   867    755
   868    755
   869    755
   870    755
   871    755
   872    755
   873    755
   874    755
   875    755
   876    755
   877    755
   878    755
   879    755
   880    755
   881    755
   882    755
   883    755
   884    755
   885    755
   886    755
   887    755
   888    755
   889    755
   890    755
   891    755
   892    755
   893    755
   894    755
   895    755
   896    755
   897    755
   898    755
   899    755
   900    755
   901    755
   902    755
   903    755
   904    755
   905    755
   906    755
   907    755
   908    755
   909    755
   910    755
   911    755
   912    755
   913    755
   914    755
   915    755
   916    755
   917    755
   918    755
   919    755
   920    755
   921    755
   922    755
   923    755
   924    755
   925    755
   926    755
   927    755
   928    755
   929    755
   930    755
   931    755
   932    755
   933    755
   934    755
   935    755
   936    755
   937    755
   938    755
   939    755
   940    755
   778    756
   779    756
   780    756
   781    756
   782    756
   783    756
   784    756
   785    756
   786    756
   787    756
   788    756
   789    756
   790    756
   791    756
   792    756
   793    756
   794    756
   795    756
   796    756
   797    756
   798    756
   799    756
   800    756
   801    756
   802    756
   803    756
   804    756
   805    756
   806    756
   807    756
   808    756
   809    756
   810    756
   811    756
   812    756
   813    756
   814    756
   815    756
   816    756
   817    756
   818    756
   819    756
   820    756
   821    756
   822    756
   823    756
   824    756
   825    756
   826    756
   827    756
   828    756
   829    756
   830    756
   831    756
   832    756
   833    756
   834    756
   835    756
   836    756
   837    756
   838    756
   839    756
   840    756
   841    756
   842    756
   843    756
   844    756
   845    756
   846    756
   847    756
   848    756
   849    756
   850    756
   851    756
   852    756
   853    756
   854    756
   855    756
   856    756
   857    756
   858    756
   859    756
   860    756
   861    756
   862    756
   863    756
   864    756
   865    756
   866    756
   867    756
   868    756
   869    756
   870    756
   871    756
   872    756
   873    756
   874    756
   875    756
   876    756
   877    756
   878    756
   879    756
   880    756
   881    756
   882    756
   883    756
   884    756
   885    756
   886    756
   887    756
   888    756
   889    756
   890    756
   891    756
   892    756
   893    756
   894    756
   895    756
   896    756
   897    756
   898    756
   899    756
   900    756
   901    756
   902    756
   903    756
   904    756
   905    756
   906    756
   907    756
   908    756
   909    756
   910    756
   911    756
   912    756
   913    756
   914    756
   915    756
   916    756
   917    756
   918    756
   919    756
   920    756
   921    756
   922    756
   923    756
   924    756
   925    756
   926    756
   927    756
   928    756
   929    756
   930    756
   931    756
   932    756
   933    756
   934    756
   935    756
   936    756
   937    756
   939    756
   776    757
   777    757
   778    757
   779    757
   780    757
   781    757
   782    757
   783    757
   784    757
   785    757
   786    757
   787    757
   788    757
   789    757
   790    757
   791    757
   792    757
   793    757
   794    757
   795    757
   796    757
   797    757
   798    757
   799    757
   800    757
   801    757
   802    757
   803    757
   804    757
   805    757
   806    757
   807    757
   808    757
   809    757
   810    757
   811    757
   812    757
   813    757
   814    757
   815    757
   816    757
   817    757
   818    757
   819    757
   820    757
   821    757
   822    757
   823    757
   824    757
   825    757
   826    757
   827    757
   828    757
   829    757
   830    757
   831    757
   832    757
   833    757
   834    757
   835    757
   836    757
   837    757
   838    757
   839    757
   840    757
   841    757
   842    757
   843    757
   844    757
   845    757
   846    757
   847    757
   848    757
   849    757
   850    757
   851    757
   852    757
   853    757
   854    757
   855    757
   856    757
   857    757
   858    757
   859    757
   860    757
   861    757
   862    757
   863    757
   864    757
   865    757
   866    757
   867    757
   868    757
   869    757
   870    757
   871    757
   872    757
   873    757
   874    757
   875    757
   876    757
   877    757
   878    757
   879    757
   880    757
   881    757
   882    757
   883    757
   884    757
   885    757
   886    757
   887    757
   888    757
   889    757
   890    757
   891    757
   892    757
   893    757
   894    757
   895    757
   896    757
   897    757
   898    757
   899    757
   900    757
   901    757
   903    757
   904    757
   905    757
   906    757
   907    757
   908    757
   909    757
   910    757
   911    757
   912    757
   913    757
   914    757
   915    757
   916    757
   917    757
   918    757
   919    757
   920    757
   921    757
   922    757
   923    757
   924    757
   925    757
   926    757
   927    757
   928    757
   929    757
   930    757
   931    757
   932    757
   933    757
   934    757
   935    757
   936    757
   937    757
   774    758
   775    758
   776    758
   777    758
   778    758
   779    758
   780    758
   781    758
   782    758
   783    758
   784    758
   785    758
   786    758
   787    758
   788    758
   789    758
   790    758
   791    758
   792    758
   793    758
   794    758
   795    758
   796    758
   797    758
   798    758
   799    758
   800    758
   801    758
   802    758
   803    758
   804    758
   805    758
   806    758
   807    758
   808    758
   809    758
   810    758
   811    758
   812    758
   813    758
   814    758
   815    758
   816    758
   817    758
   818    758
   819    758
   820    758
   821    758
   822    758
   823    758
   824    758
   825    758
   826    758
   827    758
   828    758
   829    758
   830    758
   831    758
   832    758
   833    758
   834    758
   835    758
   836    758
   837    758
   838    758
   839    758
   840    758
   841    758
   842    758
   843    758
   844    758
   845    758
   846    758
   847    758
   848    758
   849    758
   850    758
   851    758
   852    758
   853    758
   854    758
   855    758
   856    758
   857    758
   858    758
   859    758
   860    758
   861    758
   862    758
   863    758
   864    758
   865    758
   866    758
   867    758
   868    758
   869    758
   870    758
   871    758
   872    758
   873    758
   874    758
   875    758
   876    758
   877    758
   878    758
   879    758
   880    758
   881    758
   882    758
   883    758
   884    758
   885    758
   886    758
   887    758
   888    758
   889    758
   890    758
   891    758
   892    758
   893    758
   894    758
   895    758
   896    758
   897    758
   898    758
   899    758
   900    758
   901    758
   902    758
   903    758
   904    758
   905    758
   906    758
   907    758
   908    758
   909    758
   910    758
   911    758
   912    758
   913    758
   914    758
   915    758
   916    758
   917    758
   918    758
   919    758
   920    758
   921    758
   922    758
   923    758
   924    758
   925    758
   926    758
   927    758
   928    758
   929    758
   930    758
   931    758
   932    758
   933    758
   934    758
   935    758
   936    758
   937    758
   772    759
   773    759
   774    759
   775    759
   776    759
   777    759
   778    759
   779    759
   780    759
   781    759
   782    759
   783    759
   784    759
   785    759
   786    759
   787    759
   788    759
   789    759
   790    759
   791    759
   792    759
   793    759
   794    759
   795    759
   796    759
   797    759
   798    759
   799    759
   800    759
   801    759
   802    759
   803    759
   804    759
   805    759
   806    759
   807    759
   808    759
   809    759
   810    759
   811    759
   812    759
   813    759
   814    759
   815    759
   816    759
   817    759
   818    759
   819    759
   820    759
   821    759
   822    759
   823    759
   824    759
   825    759
   826    759
   827    759
   828    759
   829    759
   830    759
   831    759
   832    759
   833    759
   834    759
   835    759
   836    759
   837    759
   838    759
   839    759
   840    759
   841    759
   842    759
   843    759
   844    759
   845    759
   846    759
   847    759
   848    759
   849    759
   850    759
   851    759
   852    759
   853    759
   854    759
   855    759
   856    759
   857    759
   858    759
   859    759
   860    759
   861    759
   862    759
   863    759
   864    759
   865    759
   866    759
   867    759
   868    759
   869    759
   870    759
   871    759
   872    759
   873    759
   874    759
   875    759
   876    759
   877    759
   878    759
   879    759
   880    759
   881    759
   882    759
   883    759
   884    759
   885    759
   886    759
   887    759
   888    759
   889    759
   890    759
   891    759
   892    759
   893    759
   894    759
   895    759
   896    759
   897    759
   898    759
   899    759
   900    759
   901    759
   902    759
   904    759
   905    759
   906    759
   907    759
   908    759
   909    759
   910    759
   911    759
   912    759
   913    759
   914    759
   915    759
   916    759
   917    759
   918    759
   919    759
   920    759
   921    759
   922    759
   923    759
   924    759
   925    759
   926    759
   927    759
   928    759
   929    759
   930    759
   931    759
   932    759
   933    759
   934    759
   935    759
   770    760
   771    760
   772    760
   773    760
   774    760
   775    760
   776    760
   777    760
   778    760
   779    760
   780    760
   781    760
   782    760
   783    760
   784    760
   785    760
   786    760
   787    760
   788    760
   789    760
   790    760
   791    760
   792    760
   793    760
   794    760
   795    760
   796    760
   797    760
   798    760
   799    760
   800    760
   801    760
   802    760
   803    760
   804    760
   805    760
   806    760
   807    760
   808    760
   809    760
   810    760
   811    760
   812    760
   813    760
   814    760
   815    760
   816    760
   817    760
   818    760
   819    760
   820    760
   821    760
   822    760
   823    760
   824    760
   825    760
   826    760
   827    760
   828    760
   829    760
   830    760
   831    760
   832    760
   833    760
   834    760
   835    760
   836    760
   837    760
   838    760
   839    760
   840    760
   841    760
   842    760
   843    760
   844    760
   845    760
   846    760
   847    760
   848    760
   849    760
   850    760
   851    760
   852    760
   853    760
   854    760
   855    760
   856    760
   857    760
   858    760
   859    760
   860    760
   861    760
   862    760
   863    760
   864    760
   865    760
   866    760
   867    760
   868    760
   869    760
   870    760
   871    760
   872    760
   873    760
   874    760
   875    760
   876    760
   877    760
   878    760
   879    760
   880    760
   881    760
   882    760
   883    760
   884    760
   885    760
   886    760
   887    760
   888    760
   889    760
   890    760
   891    760
   892    760
   893    760
   894    760
   895    760
   896    760
   897    760
   898    760
   899    760
   900    760
   901    760
   902    760
   904    760
   905    760
   906    760
   907    760
   908    760
   909    760
   910    760
   911    760
   912    760
   913    760
   914    760
   915    760
   916    760
   917    760
   918    760
   919    760
   920    760
   921    760
   922    760
   923    760
   924    760
   925    760
   926    760
   927    760
   928    760
   929    760
   930    760
   931    760
   932    760
   933    760
   934    760
   768    761
   769    761
   770    761
   771    761
   772    761
   773    761
   774    761
   775    761
   776    761
   777    761
   778    761
   779    761
   780    761
   781    761
   782    761
   783    761
   784    761
   785    761
   786    761
   787    761
   788    761
   789    761
   790    761
   791    761
   792    761
   793    761
   794    761
   795    761
   796    761
   797    761
   798    761
   799    761
   800    761
   801    761
   802    761
   803    761
   804    761
   805    761
   806    761
   807    761
   808    761
   809    761
   810    761
   811    761
   812    761
   813    761
   814    761
   815    761
   816    761
   817    761
   818    761
   819    761
   820    761
   821    761
   822    761
   823    761
   824    761
   825    761
   826    761
   827    761
   828    761
   829    761
   830    761
   831    761
   832    761
   833    761
   834    761
   835    761
   836    761
   837    761
   838    761
   839    761
   840    761
   841    761
   842    761
   843    761
   844    761
   845    761
   846    761
   847    761
   848    761
   849    761
   850    761
   851    761
   852    761
   853    761
   854    761
   855    761
   856    761
   857    761
   858    761
   859    761
   860    761
   861    761
   862    761
   863    761
   864    761
   865    761
   866    761
   867    761
   868    761
   869    761
   870    761
   871    761
   872    761
   873    761
   874    761
   875    761
   876    761
   877    761
   878    761
   879    761
   880    761
   881    761
   882    761
   883    761
   884    761
   885    761
   886    761
   887    761
   888    761
   889    761
   890    761
   891    761
   892    761
   893    761
   894    761
   895    761
   896    761
   897    761
   898    761
   899    761
   900    761
   901    761
   902    761
   903    761
   904    761
   905    761
   906    761
   907    761
   908    761
   909    761
   910    761
   911    761
   912    761
   913    761
   914    761
   915    761
   916    761
   917    761
   918    761
   919    761
   920    761
   921    761
   922    761
   923    761
   924    761
   925    761
   926    761
   927    761
   928    761
   929    761
   930    761
   931    761
   932    761
   933    761
   766    762
   767    762
   768    762
   769    762
   770    762
   771    762
   772    762
   773    762
   774    762
   775    762
   776    762
   777    762
   778    762
   779    762
   780    762
   781    762
   782    762
   783    762
   784    762
   785    762
   786    762
   787    762
   788    762
   789    762
   790    762
   791    762
   792    762
   793    762
   794    762
   795    762
   796    762
   797    762
   798    762
   799    762
   800    762
   801    762
   802    762
   803    762
   804    762
   805    762
   806    762
   807    762
   808    762
   809    762
   810    762
   811    762
   812    762
   813    762
   814    762
   815    762
   816    762
   817    762
   818    762
   819    762
   820    762
   821    762
   822    762
   823    762
   824    762
   825    762
   826    762
   827    762
   828    762
   829    762
   830    762
   831    762
   832    762
   833    762
   834    762
   835    762
   836    762
   837    762
   838    762
   839    762
   840    762
   841    762
   842    762
   843    762
   844    762
   845    762
   846    762
   847    762
   848    762
   849    762
   850    762
   851    762
   852    762
   853    762
   854    762
   855    762
   856    762
   857    762
   858    762
   859    762
   860    762
   861    762
   862    762
   863    762
   864    762
   865    762
   866    762
   867    762
   868    762
   869    762
   870    762
   871    762
   872    762
   873    762
   874    762
   875    762
   876    762
   877    762
   878    762
   879    762
   880    762
   881    762
   882    762
   883    762
   884    762
   885    762
   886    762
   887    762
   888    762
   889    762
   890    762
   891    762
   892    762
   893    762
   894    762
   895    762
   896    762
   897    762
   898    762
   899    762
   900    762
   901    762
   902    762
   903    762
   904    762
   905    762
   906    762
   907    762
   908    762
   909    762
   910    762
   911    762
   912    762
   913    762
   914    762
   915    762
   916    762
   917    762
   918    762
   919    762
   920    762
   921    762
   922    762
   923    762
   924    762
   925    762
   926    762
   927    762
   928    762
   929    762
   930    762
   931    762
   932    762
   764    763
   765    763
   766    763
   767    763
   768    763
   769    763
   770    763
   771    763
   772    763
   773    763
   774    763
   775    763
   776    763
   777    763
   778    763
   779    763
   780    763
   781    763
   782    763
   783    763
   784    763
   785    763
   786    763
   787    763
   788    763
   789    763
   790    763
   791    763
   792    763
   793    763
   794    763
   795    763
   796    763
   797    763
   798    763
   799    763
   800    763
   801    763
   802    763
   803    763
   804    763
   805    763
   806    763
   807    763
   808    763
   809    763
   810    763
   811    763
   812    763
   813    763
   814    763
   815    763
   816    763
   817    763
   818    763
   819    763
   820    763
   821    763
   822    763
   823    763
   824    763
   825    763
   826    763
   827    763
   828    763
   829    763
   830    763
   831    763
   832    763
   833    763
   834    763
   835    763
   836    763
   837    763
   838    763
   839    763
   840    763
   841    763
   842    763
   843    763
   844    763
   845    763
   846    763
   847    763
   848    763
   849    763
   850    763
   851    763
   852    763
   853    763
   854    763
   855    763
   856    763
   857    763
   858    763
   859    763
   860    763
   861    763
   862    763
   863    763
   864    763
   865    763
   866    763
   867    763
   868    763
   869    763
   870    763
   871    763
   872    763
   873    763
   874    763
   875    763
   876    763
   877    763
   878    763
   879    763
   880    763
   881    763
   882    763
   883    763
   884    763
   885    763
   886    763
   887    763
   888    763
   889    763
   890    763
   891    763
   892    763
   893    763
   894    763
   895    763
   896    763
   897    763
   898    763
   899    763
   900    763
   901    763
   902    763
   903    763
   904    763
   905    763
   906    763
   907    763
   908    763
   909    763
   910    763
   911    763
   912    763
   913    763
   914    763
   915    763
   916    763
   917    763
   918    763
   919    763
   920    763
   921    763
   922    763
   923    763
   924    763
   925    763
   926    763
   927    763
   928    763
   929    763
   930    763
   762    764
   763    764
   764    764
   765    764
   766    764
   767    764
   768    764
   769    764
   770    764
   771    764
   772    764
   773    764
   774    764
   775    764
   776    764
   777    764
   778    764
   779    764
   780    764
   781    764
   782    764
   783    764
   784    764
   785    764
   786    764
   787    764
   788    764
   789    764
   790    764
   791    764
   792    764
   793    764
   794    764
   795    764
   796    764
   797    764
   798    764
   799    764
   800    764
   801    764
   802    764
   803    764
   804    764
   805    764
   806    764
   807    764
   808    764
   809    764
   810    764
   811    764
   812    764
   813    764
   814    764
   815    764
   816    764
   817    764
   818    764
   819    764
   820    764
   821    764
   822    764
   823    764
   824    764
   825    764
   826    764
   827    764
   828    764
   829    764
   830    764
   831    764
   832    764
   833    764
   834    764
   835    764
   836    764
   837    764
   838    764
   839    764
   840    764
   841    764
   842    764
   843    764
   844    764
   845    764
   846    764
   847    764
   848    764
   849    764
   850    764
   851    764
   852    764
   853    764
   854    764
   855    764
   856    764
   857    764
   858    764
   859    764
   860    764
   861    764
   862    764
   863    764
   864    764
   865    764
   866    764
   867    764
   868    764
   869    764
   870    764
   871    764
   872    764
   873    764
   874    764
   875    764
   876    764
   877    764
   878    764
   879    764
   880    764
   881    764
   882    764
   883    764
   884    764
   885    764
   886    764
   887    764
   888    764
   889    764
   890    764
   891    764
   892    764
   893    764
   894    764
   895    764
   896    764
   897    764
   898    764
   899    764
   900    764
   901    764
   903    764
   904    764
   905    764
   906    764
   907    764
   908    764
   909    764
   910    764
   911    764
   912    764
   913    764
   914    764
   915    764
   916    764
   917    764
   918    764
   919    764
   920    764
   921    764
   922    764
   923    764
   924    764
   925    764
   926    764
   927    764
   928    764
   929    764
   760    765
   761    765
   762    765
   763    765
   764    765
   765    765
   766    765
   767    765
   768    765
   769    765
   770    765
   771    765
   772    765
   773    765
   774    765
   775    765
   776    765
   777    765
   778    765
   779    765
   780    765
   781    765
   782    765
   783    765
   784    765
   785    765
   786    765
   787    765
   788    765
   789    765
   790    765
   791    765
   792    765
   793    765
   794    765
   795    765
   796    765
   797    765
   798    765
   799    765
   800    765
   801    765
   802    765
   803    765
   804    765
   805    765
   806    765
   807    765
   808    765
   809    765
   810    765
   811    765
   812    765
   813    765
   814    765
   815    765
   816    765
   817    765
   818    765
   819    765
   820    765
   821    765
   822    765
   823    765
   824    765
   825    765
   826    765
   827    765
   828    765
   829    765
   830    765
   831    765
   832    765
   833    765
   834    765
   835    765
   836    765
   837    765
   838    765
   839    765
   840    765
   841    765
   842    765
   843    765
   844    765
   845    765
   846    765
   847    765
   848    765
   849    765
   850    765
   851    765
   852    765
   853    765
   854    765
   855    765
   856    765
   857    765
   858    765
   859    765
   860    765
   861    765
   862    765
   863    765
   864    765
   865    765
   866    765
   867    765
   868    765
   869    765
   870    765
   871    765
   872    765
   873    765
   874    765
   875    765
   876    765
   877    765
   878    765
   879    765
   880    765
   881    765
   882    765
   883    765
   884    765
   885    765
   886    765
   887    765
   888    765
   889    765
   890    765
   891    765
   892    765
   893    765
   894    765
   895    765
   896    765
   897    765
   898    765
   899    765
   900    765
   901    765
   903    765
   904    765
   905    765
   906    765
   907    765
   908    765
   909    765
   910    765
   911    765
   912    765
   913    765
   914    765
   915    765
   916    765
   917    765
   918    765
   919    765
   920    765
   921    765
   922    765
   923    765
   924    765
   925    765
   926    765
   927    765
   928    765
   758    766
   759    766
   760    766
   761    766
   762    766
   763    766
   764    766
   765    766
   766    766
   767    766
   768    766
   769    766
   770    766
   771    766
   772    766
   773    766
   774    766
   775    766
   776    766
   777    766
   778    766
   779    766
   780    766
   781    766
   782    766
   783    766
   784    766
   785    766
   786    766
   787    766
   788    766
   789    766
   790    766
   791    766
   792    766
   793    766
   794    766
   795    766
   796    766
   797    766
   798    766
   799    766
   800    766
   801    766
   802    766
   803    766
   804    766
   805    766
   806    766
   807    766
   808    766
   809    766
   810    766
   811    766
   812    766
   813    766
   814    766
   815    766
   816    766
   817    766
   818    766
   819    766
   820    766
   821    766
   822    766
   823    766
   824    766
   825    766
   826    766
   827    766
   828    766
   829    766
   830    766
   831    766
   832    766
   833    766
   834    766
   835    766
   836    766
   837    766
   838    766
   839    766
   840    766
   841    766
   842    766
   843    766
   844    766
   845    766
   846    766
   847    766
   848    766
   849    766
   850    766
   851    766
   852    766
   853    766
   854    766
   855    766
   856    766
   857    766
   858    766
   859    766
   860    766
   861    766
   862    766
   863    766
   864    766
   865    766
   866    766
   867    766
   868    766
   869    766
   870    766
   871    766
   872    766
   873    766
   874    766
   875    766
   876    766
   877    766
   878    766
   879    766
   880    766
   881    766
   882    766
   883    766
   884    766
   885    766
   886    766
   887    766
   888    766
   889    766
   890    766
   891    766
   892    766
   893    766
   894    766
   895    766
   896    766
   897    766
   898    766
   899    766
   900    766
   901    766
   902    766
   903    766
   904    766
   905    766
   906    766
   907    766
   908    766
   909    766
   910    766
   911    766
   912    766
   913    766
   914    766
   915    766
   916    766
   917    766
   918    766
   919    766
   920    766
   921    766
   922    766
   923    766
   924    766
   925    766
   926    766
   927    766
   756    767
   757    767
   758    767
   759    767
   760    767
   761    767
   762    767
   763    767
   764    767
   765    767
   766    767
   767    767
   768    767
   769    767
   770    767
   771    767
   772    767
   773    767
   774    767
   775    767
   776    767
   777    767
   778    767
   779    767
   780    767
   781    767
   782    767
   783    767
   784    767
   785    767
   786    767
   787    767
   788    767
   789    767
   790    767
   791    767
   792    767
   793    767
   794    767
   795    767
   796    767
   797    767
   798    767
   799    767
   800    767
   801    767
   802    767
   803    767
   804    767
   805    767
   806    767
   807    767
   808    767
   809    767
   810    767
   811    767
   812    767
   813    767
   814    767
   815    767
   816    767
   817    767
   818    767
   819    767
   820    767
   821    767
   822    767
   823    767
   824    767
   825    767
   826    767
   827    767
   828    767
   829    767
   830    767
   831    767
   832    767
   833    767
   834    767
   835    767
   836    767
   837    767
   838    767
   839    767
   840    767
   841    767
   842    767
   843    767
   844    767
   845    767
   846    767
   847    767
   848    767
   849    767
   850    767
   851    767
   852    767
   853    767
   854    767
   855    767
   856    767
   857    767
   858    767
   859    767
   860    767
   861    767
   862    767
   863    767
   864    767
   865    767
   866    767
   867    767
   868    767
   869    767
   870    767
   871    767
   872    767
   873    767
   874    767
   875    767
   876    767
   877    767
   878    767
   879    767
   880    767
   881    767
   882    767
   883    767
   884    767
   885    767
   886    767
   887    767
   888    767
   889    767
   890    767
   891    767
   892    767
   893    767
   894    767
   895    767
   896    767
   897    767
   898    767
   899    767
   900    767
   901    767
   902    767
   904    767
   905    767
   906    767
   907    767
   908    767
   909    767
   910    767
   911    767
   912    767
   913    767
   914    767
   915    767
   916    767
   917    767
   918    767
   919    767
   920    767
   921    767
   922    767
   923    767
   924    767
   925    767
   926    767
   927    767
   754    768
   755    768
   756    768
   757    768
   758    768
   759    768
   760    768
   761    768
   762    768
   763    768
   764    768
   765    768
   766    768
   767    768
   768    768
   769    768
   770    768
   771    768
   772    768
   773    768
   774    768
   775    768
   776    768
   777    768
   778    768
   779    768
   780    768
   781    768
   782    768
   783    768
   784    768
   785    768
   786    768
   787    768
   788    768
   789    768
   790    768
   791    768
   792    768
   793    768
   794    768
   795    768
   796    768
   797    768
   798    768
   799    768
   800    768
   801    768
   802    768
   803    768
   804    768
   805    768
   806    768
   807    768
   808    768
   809    768
   810    768
   811    768
   812    768
   813    768
   814    768
   815    768
   816    768
   817    768
   818    768
   819    768
   820    768
   821    768
   822    768
   823    768
   824    768
   825    768
   826    768
   827    768
   828    768
   829    768
   830    768
   831    768
   832    768
   833    768
   834    768
   835    768
   836    768
   837    768
   838    768
   839    768
   840    768
   841    768
   842    768
   843    768
   844    768
   845    768
   846    768
   847    768
   848    768
   849    768
   850    768
   851    768
   852    768
   853    768
   854    768
   855    768
   856    768
   857    768
   858    768
   859    768
   860    768
   861    768
   862    768
   863    768
   864    768
   865    768
   866    768
   867    768
   868    768
   869    768
   870    768
   871    768
   872    768
   873    768
   874    768
   875    768
   876    768
   877    768
   878    768
   879    768
   880    768
   881    768
   882    768
   883    768
   884    768
   885    768
   886    768
   887    768
   888    768
   889    768
   890    768
   891    768
   892    768
   893    768
   894    768
   895    768
   896    768
   897    768
   898    768
   899    768
   900    768
   901    768
   902    768
   904    768
   905    768
   906    768
   907    768
   908    768
   909    768
   910    768
   911    768
   912    768
   913    768
   914    768
   915    768
   916    768
   917    768
   918    768
   919    768
   920    768
   921    768
   922    768
   923    768
   924    768
   925    768
   926    768
   752    769
   753    769
   754    769
   755    769
   756    769
   757    769
   758    769
   759    769
   760    769
   761    769
   762    769
   763    769
   764    769
   765    769
   766    769
   767    769
   768    769
   769    769
   770    769
   771    769
   772    769
   773    769
   774    769
   775    769
   776    769
   777    769
   778    769
   779    769
   780    769
   781    769
   782    769
   783    769
   784    769
   785    769
   786    769
   787    769
   788    769
   789    769
   790    769
   791    769
   792    769
   793    769
   794    769
   795    769
   796    769
   797    769
   798    769
   799    769
   800    769
   801    769
   802    769
   803    769
   804    769
   805    769
   806    769
   807    769
   808    769
   809    769
   810    769
   811    769
   812    769
   813    769
   814    769
   815    769
   816    769
   817    769
   818    769
   819    769
   820    769
   821    769
   822    769
   823    769
   824    769
   825    769
   826    769
   827    769
   828    769
   829    769
   830    769
   831    769
   832    769
   833    769
   834    769
   835    769
   836    769
   837    769
   838    769
   839    769
   840    769
   841    769
   842    769
   843    769
   844    769
   845    769
   846    769
   847    769
   848    769
   849    769
   850    769
   851    769
   852    769
   853    769
   854    769
   855    769
   856    769
   857    769
   858    769
   859    769
   860    769
   861    769
   862    769
   863    769
   864    769
   865    769
   866    769
   867    769
   868    769
   869    769
   870    769
   871    769
   872    769
   873    769
   874    769
   875    769
   876    769
   877    769
   878    769
   879    769
   880    769
   881    769
   882    769
   883    769
   884    769
   885    769
   886    769
   887    769
   888    769
   889    769
   890    769
   891    769
   892    769
   893    769
   894    769
   895    769
   896    769
   897    769
   898    769
   899    769
   900    769
   901    769
   902    769
   903    769
   904    769
   905    769
   906    769
   907    769
   908    769
   909    769
   910    769
   911    769
   912    769
   913    769
   914    769
   915    769
   916    769
   917    769
   918    769
   919    769
   920    769
   921    769
   922    769
   923    769
   924    769
   925    769
   926    769
   750    770
   751    770
   752    770
   753    770
   754    770
   755    770
   756    770
   757    770
   758    770
   759    770
   760    770
   761    770
   762    770
   763    770
   764    770
   765    770
   766    770
   767    770
   768    770
   769    770
   770    770
   771    770
   772    770
   773    770
   774    770
   775    770
   776    770
   777    770
   778    770
   779    770
   780    770
   781    770
   782    770
   783    770
   784    770
   785    770
   786    770
   787    770
   788    770
   789    770
   790    770
   791    770
   792    770
   793    770
   794    770
   795    770
   796    770
   797    770
   798    770
   799    770
   800    770
   801    770
   802    770
   803    770
   804    770
   805    770
   806    770
   807    770
   808    770
   809    770
   810    770
   811    770
   812    770
   813    770
   814    770
   815    770
   816    770
   817    770
   818    770
   819    770
   820    770
   821    770
   822    770
   823    770
   824    770
   825    770
   826    770
   827    770
   828    770
   829    770
   830    770
   831    770
   832    770
   833    770
   834    770
   835    770
   836    770
   837    770
   838    770
   839    770
   840    770
   841    770
   842    770
   843    770
   844    770
   845    770
   846    770
   847    770
   848    770
   849    770
   850    770
   851    770
   852    770
   853    770
   854    770
   855    770
   856    770
   857    770
   858    770
   859    770
   860    770
   861    770
   862    770
   863    770
   864    770
   865    770
   866    770
   867    770
   868    770
   869    770
   870    770
   871    770
   872    770
   873    770
   874    770
   875    770
   876    770
   877    770
   878    770
   879    770
   880    770
   881    770
   882    770
   883    770
   884    770
   885    770
   886    770
   887    770
   888    770
   889    770
   890    770
   891    770
   892    770
   893    770
   894    770
   895    770
   896    770
   897    770
   898    770
   899    770
   900    770
   901    770
   902    770
   903    770
   904    770
   905    770
   906    770
   907    770
   908    770
   909    770
   910    770
   911    770
   912    770
   913    770
   914    770
   915    770
   916    770
   917    770
   918    770
   919    770
   920    770
   921    770
   922    770
   923    770
   924    770
   748    771
   749    771
   750    771
   751    771
   752    771
   753    771
   754    771
   755    771
   756    771
   757    771
   758    771
   759    771
   760    771
   761    771
   762    771
   763    771
   764    771
   765    771
   766    771
   767    771
   768    771
   769    771
   770    771
   771    771
   772    771
   773    771
   774    771
   775    771
   776    771
   777    771
   778    771
   779    771
   780    771
   781    771
   782    771
   783    771
   784    771
   785    771
   786    771
   787    771
   788    771
   789    771
   790    771
   791    771
   792    771
   793    771
   794    771
   795    771
   796    771
   797    771
   798    771
   799    771
   800    771
   801    771
   802    771
   803    771
   804    771
   805    771
   806    771
   807    771
   808    771
   809    771
   810    771
   811    771
   812    771
   813    771
   814    771
   815    771
   816    771
   817    771
   818    771
   819    771
   820    771
   821    771
   822    771
   823    771
   824    771
   825    771
   826    771
   827    771
   828    771
   829    771
   830    771
   831    771
   832    771
   833    771
   834    771
   835    771
   836    771
   837    771
   838    771
   839    771
   840    771
   841    771
   842    771
   843    771
   844    771
   845    771
   846    771
   847    771
   848    771
   849    771
   850    771
   851    771
   852    771
   853    771
   854    771
   855    771
   856    771
   857    771
   858    771
   859    771
   860    771
   861    771
   862    771
   863    771
   864    771
   865    771
   866    771
   867    771
   868    771
   869    771
   870    771
   871    771
   872    771
   873    771
   874    771
   875    771
   876    771
   877    771
   878    771
   879    771
   880    771
   881    771
   882    771
   883    771
   884    771
   885    771
   886    771
   887    771
   888    771
   889    771
   890    771
   891    771
   892    771
   893    771
   894    771
   895    771
   896    771
   897    771
   898    771
   899    771
   900    771
   901    771
   902    771
   903    771
   904    771
   905    771
   906    771
   907    771
   908    771
   909    771
   910    771
   911    771
   912    771
   913    771
   914    771
   915    771
   916    771
   917    771
   918    771
   919    771
   920    771
   921    771
   922    771
   923    771
   746    772
   747    772
   748    772
   749    772
   750    772
   751    772
   752    772
   753    772
   754    772
   755    772
   756    772
   757    772
   758    772
   759    772
   760    772
   761    772
   762    772
   763    772
   764    772
   765    772
   766    772
   767    772
   768    772
   769    772
   770    772
   771    772
   772    772
   773    772
   774    772
   775    772
   776    772
   777    772
   778    772
   779    772
   780    772
   781    772
   782    772
   783    772
   784    772
   785    772
   786    772
   787    772
   788    772
   789    772
   790    772
   791    772
   792    772
   793    772
   794    772
   795    772
   796    772
   797    772
   798    772
   799    772
   800    772
   801    772
   802    772
   803    772
   804    772
   805    772
   806    772
   807    772
   808    772
   809    772
   810    772
   811    772
   812    772
   813    772
   814    772
   815    772
   816    772
   817    772
   818    772
   819    772
   820    772
   821    772
   822    772
   823    772
   824    772
   825    772
   826    772
   827    772
   828    772
   829    772
   830    772
   831    772
   832    772
   833    772
   834    772
   835    772
   836    772
   837    772
   838    772
   839    772
   840    772
   841    772
   842    772
   843    772
   844    772
   845    772
   846    772
   847    772
   848    772
   849    772
   850    772
   851    772
   852    772
   853    772
   854    772
   855    772
   856    772
   857    772
   858    772
   859    772
   860    772
   861    772
   862    772
   863    772
   864    772
   865    772
   866    772
   867    772
   868    772
   869    772
   870    772
   871    772
   872    772
   873    772
   874    772
   875    772
   876    772
   877    772
   878    772
   879    772
   880    772
   881    772
   882    772
   883    772
   884    772
   885    772
   886    772
   887    772
   888    772
   889    772
   890    772
   891    772
   892    772
   893    772
   894    772
   895    772
   896    772
   897    772
   898    772
   899    772
   900    772
   901    772
   902    772
   904    772
   905    772
   906    772
   907    772
   908    772
   909    772
   910    772
   911    772
   912    772
   913    772
   914    772
   915    772
   916    772
   917    772
   918    772
   919    772
   920    772
   921    772
   922    772
   744    773
   745    773
   746    773
   747    773
   748    773
   749    773
   750    773
   751    773
   752    773
   753    773
   754    773
   755    773
   756    773
   757    773
   758    773
   759    773
   760    773
   761    773
   762    773
   763    773
   764    773
   765    773
   766    773
   767    773
   768    773
   769    773
   770    773
   771    773
   772    773
   773    773
   774    773
   775    773
   776    773
   777    773
   778    773
   779    773
   780    773
   781    773
   782    773
   783    773
   784    773
   785    773
   786    773
   787    773
   788    773
   789    773
   790    773
   791    773
   792    773
   793    773
   794    773
   795    773
   796    773
   797    773
   798    773
   799    773
   800    773
   801    773
   802    773
   803    773
   804    773
   805    773
   806    773
   807    773
   808    773
   809    773
   810    773
   811    773
   812    773
   813    773
   814    773
   815    773
   816    773
   817    773
   818    773
   819    773
   820    773
   821    773
   822    773
   823    773
   824    773
   825    773
   826    773
   827    773
   828    773
   829    773
   830    773
   831    773
   832    773
   833    773
   834    773
   835    773
   836    773
   837    773
   838    773
   839    773
   840    773
   841    773
   842    773
   843    773
   844    773
   845    773
   846    773
   847    773
   848    773
   849    773
   850    773
   851    773
   852    773
   853    773
   854    773
   855    773
   856    773
   857    773
   858    773
   859    773
   860    773
   861    773
   862    773
   863    773
   864    773
   865    773
   866    773
   867    773
   868    773
   869    773
   870    773
   871    773
   872    773
   873    773
   874    773
   875    773
   876    773
   877    773
   878    773
   879    773
   880    773
   881    773
   882    773
   883    773
   884    773
   885    773
   886    773
   887    773
   888    773
   889    773
   890    773
   891    773
   892    773
   893    773
   894    773
   895    773
   896    773
   897    773
   898    773
   899    773
   900    773
   901    773
   902    773
   904    773
   905    773
   906    773
   907    773
   908    773
   909    773
   910    773
   911    773
   912    773
   913    773
   914    773
   915    773
   916    773
   917    773
   918    773
   919    773
   920    773
   921    773
   743    774
   744    774
   745    774
   746    774
   747    774
   748    774
   749    774
   750    774
   751    774
   752    774
   753    774
   754    774
   755    774
   756    774
   757    774
   758    774
   759    774
   760    774
   761    774
   762    774
   763    774
   764    774
   765    774
   766    774
   767    774
   768    774
   769    774
   770    774
   771    774
   772    774
   773    774
   774    774
   775    774
   776    774
   777    774
   778    774
   779    774
   780    774
   781    774
   782    774
   783    774
   784    774
   785    774
   786    774
   787    774
   788    774
   789    774
   790    774
   791    774
   792    774
   793    774
   794    774
   795    774
   796    774
   797    774
   798    774
   799    774
   800    774
   801    774
   802    774
   803    774
   804    774
   805    774
   806    774
   807    774
   808    774
   809    774
   810    774
   811    774
   812    774
   813    774
   814    774
   815    774
   816    774
   817    774
   818    774
   819    774
   820    774
   821    774
   822    774
   823    774
   824    774
   825    774
   826    774
   827    774
   828    774
   829    774
   830    774
   831    774
   832    774
   833    774
   834    774
   835    774
   836    774
   837    774
   838    774
   839    774
   840    774
   841    774
   842    774
   843    774
   844    774
   845    774
   846    774
   847    774
   848    774
   849    774
   850    774
   851    774
   852    774
   853    774
   854    774
   855    774
   856    774
   857    774
   858    774
   859    774
   860    774
   861    774
   862    774
   863    774
   864    774
   865    774
   866    774
   867    774
   868    774
   869    774
   870    774
   871    774
   872    774
   873    774
   874    774
   875    774
   876    774
   877    774
   878    774
   879    774
   880    774
   881    774
   882    774
   883    774
   884    774
   885    774
   886    774
   887    774
   888    774
   889    774
   890    774
   891    774
   892    774
   893    774
   894    774
   895    774
   896    774
   897    774
   898    774
   899    774
   900    774
   901    774
   902    774
   904    774
   905    774
   906    774
   907    774
   908    774
   909    774
   910    774
   911    774
   912    774
   913    774
   914    774
   915    774
   916    774
   917    774
   918    774
   919    774
   920    774
   741    775
   742    775
   743    775
   744    775
   745    775
   746    775
   747    775
   748    775
   749    775
   750    775
   751    775
   752    775
   753    775
   754    775
   755    775
   756    775
   757    775
   758    775
   759    775
   760    775
   761    775
   762    775
   763    775
   764    775
   765    775
   766    775
   767    775
   768    775
   769    775
   770    775
   771    775
   772    775
   773    775
   774    775
   775    775
   776    775
   777    775
   778    775
   779    775
   780    775
   781    775
   782    775
   783    775
   784    775
   785    775
   786    775
   787    775
   788    775
   789    775
   790    775
   791    775
   792    775
   793    775
   794    775
   795    775
   796    775
   797    775
   798    775
   799    775
   800    775
   801    775
   802    775
   803    775
   804    775
   805    775
   806    775
   807    775
   808    775
   809    775
   810    775
   811    775
   812    775
   813    775
   814    775
   815    775
   816    775
   817    775
   818    775
   819    775
   820    775
   821    775
   822    775
   823    775
   824    775
   825    775
   826    775
   827    775
   828    775
   829    775
   830    775
   831    775
   832    775
   833    775
   834    775
   835    775
   836    775
   837    775
   838    775
   839    775
   840    775
   841    775
   842    775
   843    775
   844    775
   845    775
   846    775
   847    775
   848    775
   849    775
   850    775
   851    775
   852    775
   853    775
   854    775
   855    775
   856    775
   857    775
   858    775
   859    775
   860    775
   861    775
   862    775
   863    775
   864    775
   865    775
   866    775
   867    775
   868    775
   869    775
   870    775
   871    775
   872    775
   873    775
   874    775
   875    775
   876    775
   877    775
   878    775
   879    775
   880    775
   881    775
   882    775
   883    775
   884    775
   885    775
   886    775
   887    775
   888    775
   889    775
   890    775
   891    775
   892    775
   893    775
   894    775
   895    775
   896    775
   897    775
   898    775
   899    775
   900    775
   901    775
   902    775
   904    775
   905    775
   906    775
   907    775
   908    775
   909    775
   913    775
   914    775
   915    775
   916    775
   917    775
   918    775
   919    775
   739    776
   740    776
   741    776
   742    776
   743    776
   744    776
   745    776
   746    776
   747    776
   748    776
   749    776
   750    776
   751    776
   752    776
   753    776
   754    776
   755    776
   756    776
   757    776
   758    776
   759    776
   760    776
   761    776
   762    776
   763    776
   764    776
   765    776
   766    776
   767    776
   768    776
   769    776
   770    776
   771    776
   772    776
   773    776
   774    776
   775    776
   776    776
   777    776
   778    776
   779    776
   780    776
   781    776
   782    776
   783    776
   784    776
   785    776
   786    776
   787    776
   788    776
   789    776
   790    776
   791    776
   792    776
   793    776
   794    776
   795    776
   796    776
   797    776
   798    776
   799    776
   800    776
   801    776
   802    776
   803    776
   804    776
   805    776
   806    776
   807    776
   808    776
   809    776
   810    776
   811    776
   812    776
   813    776
   814    776
   815    776
   816    776
   817    776
   818    776
   819    776
   820    776
   821    776
   822    776
   823    776
   824    776
   825    776
   826    776
   827    776
   828    776
   829    776
   830    776
   831    776
   832    776
   833    776
   834    776
   835    776
   836    776
   837    776
   838    776
   839    776
   840    776
   841    776
   842    776
   843    776
   844    776
   845    776
   846    776
   847    776
   848    776
   849    776
   850    776
   851    776
   852    776
   853    776
   854    776
   855    776
   856    776
   857    776
   858    776
   859    776
   860    776
   861    776
   862    776
   863    776
   864    776
   865    776
   866    776
   867    776
   868    776
   869    776
   870    776
   871    776
   872    776
   873    776
   874    776
   875    776
   876    776
   877    776
   878    776
   879    776
   880    776
   881    776
   882    776
   883    776
   884    776
   885    776
   886    776
   887    776
   888    776
   889    776
   890    776
   891    776
   892    776
   893    776
   894    776
   895    776
   896    776
   897    776
   898    776
   899    776
   900    776
   901    776
   902    776
   904    776
   905    776
   906    776
   907    776
   908    776
   909    776
   910    776
   911    776
   912    776
   913    776
   914    776
   915    776
   916    776
   917    776
   918    776
   919    776
   737    777
   738    777
   739    777
   740    777
   741    777
   742    777
   743    777
   744    777
   745    777
   746    777
   747    777
   748    777
   749    777
   750    777
   751    777
   752    777
   753    777
   754    777
   755    777
   756    777
   757    777
   758    777
   759    777
   760    777
   761    777
   762    777
   763    777
   764    777
   765    777
   766    777
   767    777
   768    777
   769    777
   770    777
   771    777
   772    777
   773    777
   774    777
   775    777
   776    777
   777    777
   778    777
   779    777
   780    777
   781    777
   782    777
   783    777
   784    777
   785    777
   786    777
   787    777
   788    777
   789    777
   790    777
   791    777
   792    777
   793    777
   794    777
   795    777
   796    777
   797    777
   798    777
   799    777
   800    777
   801    777
   802    777
   803    777
   804    777
   805    777
   806    777
   807    777
   808    777
   809    777
   810    777
   811    777
   812    777
   813    777
   814    777
   815    777
   816    777
   817    777
   818    777
   819    777
   820    777
   821    777
   822    777
   823    777
   824    777
   825    777
   826    777
   827    777
   828    777
   829    777
   830    777
   831    777
   832    777
   833    777
   834    777
   835    777
   836    777
   837    777
   838    777
   839    777
   840    777
   841    777
   842    777
   843    777
   844    777
   845    777
   846    777
   847    777
   848    777
   849    777
   850    777
   851    777
   852    777
   853    777
   854    777
   855    777
   856    777
   857    777
   858    777
   859    777
   860    777
   861    777
   862    777
   863    777
   864    777
   865    777
   866    777
   867    777
   868    777
   869    777
   870    777
   871    777
   872    777
   873    777
   874    777
   875    777
   876    777
   877    777
   878    777
   879    777
   880    777
   881    777
   883    777
   884    777
   885    777
   886    777
   887    777
   888    777
   889    777
   890    777
   891    777
   892    777
   893    777
   894    777
   895    777
   896    777
   897    777
   898    777
   899    777
   900    777
   901    777
   902    777
   904    777
   905    777
   906    777
   907    777
   908    777
   909    777
   910    777
   911    777
   912    777
   913    777
   914    777
   915    777
   916    777
   917    777
   918    777
   735    778
   736    778
   737    778
   738    778
   739    778
   740    778
   741    778
   742    778
   743    778
   744    778
   745    778
   746    778
   747    778
   748    778
   749    778
   750    778
   751    778
   752    778
   753    778
   754    778
   755    778
   756    778
   757    778
   758    778
   759    778
   760    778
   761    778
   762    778
   763    778
   764    778
   765    778
   766    778
   767    778
   768    778
   769    778
   770    778
   771    778
   772    778
   773    778
   774    778
   775    778
   776    778
   777    778
   778    778
   779    778
   780    778
   781    778
   782    778
   783    778
   784    778
   785    778
   786    778
   787    778
   788    778
   789    778
   790    778
   791    778
   792    778
   793    778
   794    778
   795    778
   796    778
   797    778
   798    778
   799    778
   800    778
   801    778
   802    778
   803    778
   804    778
   805    778
   806    778
   807    778
   808    778
   809    778
   810    778
   811    778
   812    778
   813    778
   814    778
   815    778
   816    778
   817    778
   818    778
   819    778
   820    778
   821    778
   822    778
   823    778
   824    778
   825    778
   826    778
   827    778
   828    778
   829    778
   830    778
   831    778
   832    778
   833    778
   834    778
   835    778
   836    778
   837    778
   838    778
   839    778
   840    778
   841    778
   842    778
   843    778
   844    778
   845    778
   846    778
   847    778
   848    778
   849    778
   850    778
   851    778
   852    778
   853    778
   854    778
   855    778
   856    778
   857    778
   858    778
   859    778
   860    778
   861    778
   862    778
   863    778
   864    778
   865    778
   866    778
   867    778
   868    778
   869    778
   870    778
   871    778
   872    778
   873    778
   874    778
   875    778
   876    778
   877    778
   878    778
   879    778
   880    778
   881    778
   882    778
   883    778
   884    778
   885    778
   886    778
   887    778
   888    778
   889    778
   890    778
   891    778
   892    778
   893    778
   894    778
   895    778
   896    778
   897    778
   898    778
   899    778
   900    778
   901    778
   902    778
   904    778
   905    778
   906    778
   907    778
   908    778
   909    778
   910    778
   911    778
   912    778
   913    778
   914    778
   915    778
   916    778
   917    778
   733    779
   734    779
   735    779
   736    779
   737    779
   738    779
   739    779
   740    779
   741    779
   742    779
   743    779
   744    779
   745    779
   746    779
   747    779
   748    779
   749    779
   750    779
   751    779
   752    779
   753    779
   754    779
   755    779
   756    779
   757    779
   758    779
   759    779
   760    779
   761    779
   762    779
   763    779
   764    779
   765    779
   766    779
   767    779
   768    779
   769    779
   770    779
   771    779
   772    779
   773    779
   774    779
   775    779
   776    779
   777    779
   778    779
   779    779
   780    779
   781    779
   782    779
   783    779
   784    779
   785    779
   786    779
   787    779
   788    779
   789    779
   790    779
   791    779
   792    779
   793    779
   794    779
   795    779
   796    779
   797    779
   798    779
   799    779
   800    779
   801    779
   802    779
   803    779
   804    779
   805    779
   806    779
   807    779
   808    779
   809    779
   810    779
   811    779
   812    779
   813    779
   814    779
   815    779
   816    779
   817    779
   818    779
   819    779
   820    779
   821    779
   822    779
   823    779
   824    779
   825    779
   826    779
   827    779
   828    779
   829    779
   830    779
   831    779
   832    779
   833    779
   834    779
   835    779
   836    779
   837    779
   838    779
   839    779
   840    779
   841    779
   842    779
   843    779
   844    779
   845    779
   846    779
   847    779
   848    779
   849    779
   850    779
   851    779
   852    779
   853    779
   854    779
   855    779
   856    779
   857    779
   858    779
   859    779
   860    779
   861    779
   862    779
   863    779
   864    779
   865    779
   866    779
   867    779
   868    779
   869    779
   870    779
   871    779
   872    779
   873    779
   874    779
   875    779
   876    779
   877    779
   878    779
   879    779
   880    779
   881    779
   882    779
   883    779
   884    779
   885    779
   886    779
   887    779
   888    779
   889    779
   890    779
   891    779
   892    779
   893    779
   894    779
   895    779
   896    779
   897    779
   898    779
   899    779
   900    779
   901    779
   902    779
   904    779
   905    779
   906    779
   907    779
   908    779
   909    779
   910    779
   911    779
   912    779
   913    779
   914    779
   915    779
   731    780
   732    780
   733    780
   734    780
   735    780
   736    780
   737    780
   738    780
   739    780
   740    780
   741    780
   742    780
   743    780
   744    780
   745    780
   746    780
   747    780
   748    780
   749    780
   750    780
   751    780
   752    780
   753    780
   754    780
   755    780
   756    780
   757    780
   758    780
   759    780
   760    780
   761    780
   762    780
   763    780
   764    780
   765    780
   766    780
   767    780
   768    780
   769    780
   770    780
   771    780
   772    780
   773    780
   774    780
   775    780
   776    780
   777    780
   778    780
   779    780
   780    780
   781    780
   782    780
   783    780
   784    780
   785    780
   786    780
   787    780
   788    780
   789    780
   790    780
   791    780
   792    780
   793    780
   794    780
   795    780
   796    780
   797    780
   798    780
   799    780
   800    780
   801    780
   802    780
   803    780
   804    780
   805    780
   806    780
   807    780
   808    780
   809    780
   810    780
   811    780
   812    780
   813    780
   814    780
   815    780
   816    780
   817    780
   818    780
   819    780
   820    780
   821    780
   822    780
   823    780
   824    780
   825    780
   826    780
   827    780
   828    780
   829    780
   830    780
   831    780
   832    780
   833    780
   834    780
   835    780
   836    780
   837    780
   838    780
   839    780
   840    780
   841    780
   842    780
   843    780
   844    780
   845    780
   846    780
   847    780
   848    780
   849    780
   850    780
   851    780
   852    780
   853    780
   854    780
   855    780
   856    780
   857    780
   858    780
   859    780
   860    780
   861    780
   862    780
   863    780
   864    780
   865    780
   866    780
   867    780
   868    780
   869    780
   870    780
   871    780
   872    780
   873    780
   874    780
   875    780
   876    780
   877    780
   878    780
   879    780
   880    780
   881    780
   883    780
   884    780
   885    780
   886    780
   887    780
   888    780
   889    780
   890    780
   891    780
   892    780
   893    780
   894    780
   895    780
   896    780
   897    780
   898    780
   899    780
   900    780
   901    780
   902    780
   904    780
   905    780
   906    780
   907    780
   908    780
   909    780
   910    780
   911    780
   912    780
   913    780
   914    780
   915    780
   729    781
   730    781
   731    781
   732    781
   733    781
   734    781
   735    781
   736    781
   737    781
   738    781
   739    781
   740    781
   741    781
   742    781
   743    781
   744    781
   745    781
   746    781
   747    781
   748    781
   749    781
   750    781
   751    781
   752    781
   753    781
   754    781
   755    781
   756    781
   757    781
   758    781
   759    781
   760    781
   761    781
   762    781
   763    781
   764    781
   765    781
   766    781
   767    781
   768    781
   769    781
   770    781
   771    781
   772    781
   773    781
   774    781
   775    781
   776    781
   777    781
   778    781
   779    781
   780    781
   781    781
   782    781
   783    781
   784    781
   785    781
   786    781
   787    781
   788    781
   789    781
   790    781
   791    781
   792    781
   793    781
   794    781
   795    781
   796    781
   797    781
   798    781
   799    781
   800    781
   801    781
   802    781
   803    781
   804    781
   805    781
   806    781
   807    781
   808    781
   809    781
   810    781
   811    781
   812    781
   813    781
   814    781
   815    781
   816    781
   817    781
   818    781
   819    781
   820    781
   821    781
   822    781
   823    781
   824    781
   825    781
   826    781
   827    781
   828    781
   829    781
   830    781
   831    781
   832    781
   833    781
   834    781
   835    781
   836    781
   837    781
   838    781
   839    781
   840    781
   841    781
   842    781
   843    781
   844    781
   845    781
   846    781
   847    781
   848    781
   849    781
   850    781
   851    781
   852    781
   853    781
   854    781
   855    781
   856    781
   857    781
   858    781
   859    781
   860    781
   861    781
   862    781
   863    781
   864    781
   865    781
   866    781
   867    781
   868    781
   869    781
   870    781
   871    781
   872    781
   873    781
   874    781
   875    781
   876    781
   877    781
   878    781
   879    781
   880    781
   881    781
   889    781
   890    781
   891    781
   892    781
   893    781
   894    781
   895    781
   896    781
   897    781
   898    781
   899    781
   900    781
   901    781
   902    781
   904    781
   905    781
   906    781
   907    781
   908    781
   909    781
   910    781
   911    781
   912    781
   913    781
   914    781
   727    782
   728    782
   729    782
   730    782
   731    782
   732    782
   733    782
   734    782
   735    782
   736    782
   737    782
   738    782
   739    782
   740    782
   741    782
   742    782
   743    782
   744    782
   745    782
   746    782
   747    782
   748    782
   749    782
   750    782
   751    782
   752    782
   753    782
   754    782
   755    782
   756    782
   757    782
   758    782
   759    782
   760    782
   761    782
   762    782
   763    782
   764    782
   765    782
   766    782
   767    782
   768    782
   769    782
   770    782
   771    782
   772    782
   773    782
   774    782
   775    782
   776    782
   777    782
   778    782
   779    782
   780    782
   781    782
   782    782
   783    782
   784    782
   785    782
   786    782
   787    782
   788    782
   789    782
   790    782
   791    782
   792    782
   793    782
   794    782
   795    782
   796    782
   797    782
   798    782
   799    782
   800    782
   801    782
   802    782
   803    782
   804    782
   805    782
   806    782
   807    782
   808    782
   809    782
   810    782
   811    782
   812    782
   813    782
   814    782
   815    782
   816    782
   817    782
   818    782
   819    782
   820    782
   821    782
   822    782
   823    782
   824    782
   825    782
   826    782
   827    782
   828    782
   829    782
   830    782
   831    782
   832    782
   833    782
   834    782
   835    782
   836    782
   837    782
   838    782
   839    782
   840    782
   841    782
   842    782
   843    782
   844    782
   845    782
   846    782
   847    782
   848    782
   849    782
   850    782
   851    782
   852    782
   853    782
   854    782
   855    782
   856    782
   857    782
   858    782
   859    782
   860    782
   861    782
   862    782
   863    782
   864    782
   865    782
   866    782
   867    782
   868    782
   869    782
   870    782
   871    782
   872    782
   873    782
   874    782
   875    782
   876    782
   877    782
   878    782
   879    782
   880    782
   881    782
   882    782
   883    782
   884    782
   885    782
   886    782
   887    782
   888    782
   889    782
   890    782
   891    782
   892    782
   893    782
   894    782
   895    782
   896    782
   897    782
   898    782
   899    782
   900    782
   901    782
   902    782
   904    782
   905    782
   906    782
   907    782
   908    782
   909    782
   910    782
   912    782
   913    782
   725    783
   726    783
   727    783
   728    783
   729    783
   730    783
   731    783
   732    783
   733    783
   734    783
   735    783
   736    783
   737    783
   738    783
   739    783
   740    783
   741    783
   742    783
   743    783
   744    783
   745    783
   746    783
   747    783
   748    783
   749    783
   750    783
   751    783
   752    783
   753    783
   754    783
   755    783
   756    783
   757    783
   758    783
   759    783
   760    783
   761    783
   762    783
   763    783
   764    783
   765    783
   766    783
   767    783
   768    783
   769    783
   770    783
   771    783
   772    783
   773    783
   774    783
   775    783
   776    783
   777    783
   778    783
   779    783
   780    783
   781    783
   782    783
   783    783
   784    783
   785    783
   786    783
   787    783
   788    783
   789    783
   790    783
   791    783
   792    783
   793    783
   794    783
   795    783
   796    783
   797    783
   798    783
   799    783
   800    783
   801    783
   802    783
   803    783
   804    783
   805    783
   806    783
   807    783
   808    783
   809    783
   810    783
   811    783
   812    783
   813    783
   814    783
   815    783
   816    783
   817    783
   818    783
   819    783
   820    783
   821    783
   822    783
   823    783
   824    783
   825    783
   826    783
   827    783
   828    783
   829    783
   830    783
   831    783
   832    783
   833    783
   834    783
   835    783
   836    783
   837    783
   838    783
   839    783
   840    783
   841    783
   842    783
   843    783
   844    783
   845    783
   846    783
   847    783
   848    783
   849    783
   850    783
   851    783
   852    783
   853    783
   854    783
   855    783
   856    783
   857    783
   858    783
   859    783
   860    783
   861    783
   862    783
   863    783
   864    783
   865    783
   866    783
   867    783
   868    783
   869    783
   870    783
   871    783
   872    783
   873    783
   874    783
   875    783
   876    783
   877    783
   878    783
   879    783
   880    783
   881    783
   882    783
   883    783
   884    783
   885    783
   886    783
   887    783
   888    783
   889    783
   890    783
   891    783
   892    783
   893    783
   894    783
   895    783
   896    783
   897    783
   898    783
   899    783
   900    783
   901    783
   902    783
   905    783
   906    783
   907    783
   908    783
   909    783
   723    784
   724    784
   725    784
   726    784
   727    784
   728    784
   729    784
   730    784
   731    784
   732    784
   733    784
   734    784
   735    784
   736    784
   737    784
   738    784
   739    784
   740    784
   741    784
   742    784
   743    784
   744    784
   745    784
   746    784
   747    784
   748    784
   749    784
   750    784
   751    784
   752    784
   753    784
   754    784
   755    784
   756    784
   757    784
   758    784
   759    784
   760    784
   761    784
   762    784
   763    784
   764    784
   765    784
   766    784
   767    784
   768    784
   769    784
   770    784
   771    784
   772    784
   773    784
   774    784
   775    784
   776    784
   777    784
   778    784
   779    784
   780    784
   781    784
   782    784
   783    784
   784    784
   785    784
   786    784
   787    784
   788    784
   789    784
   790    784
   791    784
   792    784
   793    784
   794    784
   795    784
   796    784
   797    784
   798    784
   799    784
   800    784
   801    784
   802    784
   803    784
   804    784
   805    784
   806    784
   807    784
   808    784
   809    784
   810    784
   811    784
   812    784
   813    784
   814    784
   815    784
   816    784
   817    784
   818    784
   819    784
   820    784
   821    784
   822    784
   823    784
   824    784
   825    784
   826    784
   827    784
   828    784
   829    784
   830    784
   831    784
   832    784
   833    784
   834    784
   835    784
   836    784
   837    784
   838    784
   839    784
   840    784
   841    784
   842    784
   843    784
   844    784
   845    784
   846    784
   847    784
   848    784
   849    784
   850    784
   851    784
   852    784
   853    784
   854    784
   855    784
   856    784
   857    784
   858    784
   859    784
   860    784
   861    784
   862    784
   863    784
   864    784
   865    784
   866    784
   867    784
   868    784
   869    784
   870    784
   871    784
   872    784
   873    784
   874    784
   875    784
   876    784
   877    784
   878    784
   879    784
   880    784
   881    784
   882    784
   883    784
   884    784
   885    784
   886    784
   887    784
   888    784
   889    784
   890    784
   891    784
   892    784
   893    784
   894    784
   895    784
   896    784
   897    784
   898    784
   899    784
   900    784
   901    784
   902    784
   721    785
   722    785
   723    785
   724    785
   725    785
   726    785
   727    785
   728    785
   729    785
   730    785
   731    785
   732    785
   733    785
   734    785
   735    785
   736    785
   737    785
   738    785
   739    785
   740    785
   741    785
   742    785
   743    785
   744    785
   745    785
   746    785
   747    785
   748    785
   749    785
   750    785
   751    785
   752    785
   753    785
   754    785
   755    785
   756    785
   757    785
   758    785
   759    785
   760    785
   761    785
   762    785
   763    785
   764    785
   765    785
   766    785
   767    785
   768    785
   769    785
   770    785
   771    785
   772    785
   773    785
   774    785
   775    785
   776    785
   777    785
   778    785
   779    785
   780    785
   781    785
   782    785
   783    785
   784    785
   785    785
   786    785
   787    785
   788    785
   789    785
   790    785
   791    785
   792    785
   793    785
   794    785
   795    785
   796    785
   797    785
   798    785
   799    785
   800    785
   801    785
   802    785
   803    785
   804    785
   805    785
   806    785
   807    785
   808    785
   809    785
   810    785
   811    785
   812    785
   813    785
   814    785
   815    785
   816    785
   817    785
   818    785
   819    785
   820    785
   821    785
   822    785
   823    785
   824    785
   825    785
   826    785
   827    785
   828    785
   829    785
   830    785
   831    785
   832    785
   833    785
   834    785
   835    785
   836    785
   837    785
   838    785
   839    785
   840    785
   841    785
   842    785
   843    785
   844    785
   845    785
   846    785
   847    785
   848    785
   849    785
   850    785
   851    785
   852    785
   853    785
   854    785
   855    785
   856    785
   857    785
   858    785
   859    785
   860    785
   861    785
   862    785
   863    785
   864    785
   865    785
   866    785
   867    785
   868    785
   869    785
   870    785
   871    785
   872    785
   873    785
   874    785
   875    785
   876    785
   877    785
   878    785
   879    785
   880    785
   881    785
   882    785
   883    785
   884    785
   885    785
   886    785
   887    785
   888    785
   889    785
   890    785
   891    785
   892    785
   893    785
   894    785
   895    785
   896    785
   897    785
   898    785
   899    785
   900    785
   901    785
   902    785
   903    785
   904    785
   905    785
   906    785
   907    785
   908    785
   909    785
   910    785
   719    786
   720    786
   721    786
   722    786
   723    786
   724    786
   725    786
   726    786
   727    786
   728    786
   729    786
   730    786
   731    786
   732    786
   733    786
   734    786
   735    786
   736    786
   737    786
   738    786
   739    786
   740    786
   741    786
   742    786
   743    786
   744    786
   745    786
   746    786
   747    786
   748    786
   749    786
   750    786
   751    786
   752    786
   753    786
   754    786
   755    786
   756    786
   757    786
   758    786
   759    786
   760    786
   761    786
   762    786
   763    786
   764    786
   765    786
   766    786
   767    786
   768    786
   769    786
   770    786
   771    786
   772    786
   773    786
   774    786
   775    786
   776    786
   777    786
   778    786
   779    786
   780    786
   781    786
   782    786
   783    786
   784    786
   785    786
   786    786
   787    786
   788    786
   789    786
   790    786
   791    786
   792    786
   793    786
   794    786
   795    786
   796    786
   797    786
   798    786
   799    786
   800    786
   801    786
   802    786
   803    786
   804    786
   805    786
   806    786
   807    786
   808    786
   809    786
   810    786
   811    786
   812    786
   813    786
   814    786
   815    786
   816    786
   817    786
   818    786
   819    786
   820    786
   821    786
   822    786
   823    786
   824    786
   825    786
   826    786
   827    786
   828    786
   829    786
   830    786
   831    786
   832    786
   833    786
   834    786
   835    786
   836    786
   837    786
   838    786
   839    786
   840    786
   841    786
   842    786
   843    786
   844    786
   845    786
   846    786
   847    786
   848    786
   849    786
   850    786
   851    786
   852    786
   853    786
   854    786
   855    786
   856    786
   857    786
   858    786
   859    786
   860    786
   861    786
   862    786
   863    786
   864    786
   865    786
   866    786
   867    786
   868    786
   869    786
   870    786
   871    786
   872    786
   873    786
   874    786
   875    786
   876    786
   877    786
   878    786
   879    786
   880    786
   881    786
   882    786
   883    786
   884    786
   885    786
   886    786
   887    786
   888    786
   889    786
   890    786
   891    786
   892    786
   893    786
   894    786
   895    786
   896    786
   897    786
   898    786
   899    786
   900    786
   901    786
   902    786
   903    786
   904    786
   905    786
   906    786
   907    786
   908    786
   909    786
   910    786
   911    786
   912    786
   913    786
   914    786
   915    786
   717    787
   718    787
   719    787
   720    787
   721    787
   722    787
   723    787
   724    787
   725    787
   726    787
   727    787
   728    787
   729    787
   730    787
   731    787
   732    787
   733    787
   734    787
   735    787
   736    787
   737    787
   738    787
   739    787
   740    787
   741    787
   742    787
   743    787
   744    787
   745    787
   746    787
   747    787
   748    787
   749    787
   750    787
   751    787
   752    787
   753    787
   754    787
   755    787
   756    787
   757    787
   758    787
   759    787
   760    787
   761    787
   762    787
   763    787
   764    787
   765    787
   766    787
   767    787
   768    787
   769    787
   770    787
   771    787
   772    787
   773    787
   774    787
   775    787
   776    787
   777    787
   778    787
   779    787
   780    787
   781    787
   782    787
   783    787
   784    787
   785    787
   786    787
   787    787
   788    787
   789    787
   790    787
   791    787
   792    787
   793    787
   794    787
   795    787
   796    787
   797    787
   798    787
   799    787
   800    787
   801    787
   802    787
   803    787
   804    787
   805    787
   806    787
   807    787
   808    787
   809    787
   810    787
   811    787
   812    787
   813    787
   814    787
   815    787
   816    787
   817    787
   818    787
   819    787
   820    787
   821    787
   822    787
   823    787
   824    787
   825    787
   826    787
   827    787
   828    787
   829    787
   830    787
   831    787
   832    787
   833    787
   834    787
   835    787
   836    787
   837    787
   838    787
   839    787
   840    787
   841    787
   842    787
   843    787
   844    787
   845    787
   846    787
   847    787
   848    787
   849    787
   850    787
   851    787
   852    787
   853    787
   854    787
   855    787
   856    787
   857    787
   858    787
   859    787
   860    787
   861    787
   862    787
   863    787
   864    787
   865    787
   866    787
   867    787
   868    787
   869    787
   870    787
   871    787
   872    787
   873    787
   874    787
   875    787
   876    787
   877    787
   878    787
   879    787
   880    787
   881    787
   882    787
   883    787
   884    787
   885    787
   886    787
   887    787
   888    787
   889    787
   890    787
   891    787
   892    787
   893    787
   894    787
   895    787
   896    787
   897    787
   898    787
   899    787
   900    787
   901    787
   902    787
   903    787
   904    787
   905    787
   906    787
   907    787
   908    787
   909    787
   910    787
   911    787
   912    787
   913    787
   914    787
   915    787
   916    787
   917    787
   918    787
   919    787
   920    787
   921    787
   922    787
   715    788
   716    788
   717    788
   718    788
   719    788
   720    788
   721    788
   722    788
   723    788
   724    788
   725    788
   726    788
   727    788
   728    788
   729    788
   730    788
   731    788
   732    788
   733    788
   734    788
   735    788
   736    788
   737    788
   738    788
   739    788
   740    788
   741    788
   742    788
   743    788
   744    788
   745    788
   746    788
   747    788
   748    788
   749    788
   750    788
   751    788
   752    788
   753    788
   754    788
   755    788
   756    788
   757    788
   758    788
   759    788
   760    788
   761    788
   762    788
   763    788
   764    788
   765    788
   766    788
   767    788
   768    788
   769    788
   770    788
   771    788
   772    788
   773    788
   774    788
   775    788
   776    788
   777    788
   778    788
   779    788
   780    788
   781    788
   782    788
   783    788
   784    788
   785    788
   786    788
   787    788
   788    788
   789    788
   790    788
   791    788
   792    788
   793    788
   794    788
   795    788
   796    788
   797    788
   798    788
   799    788
   800    788
   801    788
   802    788
   803    788
   804    788
   805    788
   806    788
   807    788
   808    788
   809    788
   810    788
   811    788
   812    788
   813    788
   814    788
   815    788
   816    788
   817    788
   818    788
   819    788
   820    788
   821    788
   822    788
   823    788
   824    788
   825    788
   826    788
   827    788
   828    788
   829    788
   830    788
   831    788
   832    788
   833    788
   834    788
   835    788
   836    788
   837    788
   838    788
   839    788
   840    788
   841    788
   842    788
   843    788
   844    788
   845    788
   846    788
   847    788
   848    788
   849    788
   850    788
   851    788
   852    788
   853    788
   854    788
   855    788
   856    788
   857    788
   858    788
   859    788
   860    788
   861    788
   862    788
   863    788
   864    788
   865    788
   866    788
   867    788
   868    788
   869    788
   870    788
   871    788
   872    788
   873    788
   874    788
   875    788
   876    788
   877    788
   878    788
   879    788
   880    788
   881    788
   882    788
   883    788
   884    788
   885    788
   886    788
   887    788
   888    788
   889    788
   890    788
   891    788
   892    788
   893    788
   894    788
   895    788
   896    788
   897    788
   898    788
   899    788
   900    788
   901    788
   902    788
   903    788
   904    788
   905    788
   906    788
   907    788
   908    788
   909    788
   910    788
   911    788
   912    788
   913    788
   914    788
   915    788
   916    788
   917    788
   918    788
   919    788
   920    788
   921    788
   922    788
   923    788
   924    788
   925    788
   926    788
   927    788
   928    788
   713    789
   714    789
   715    789
   716    789
   717    789
   718    789
   719    789
   720    789
   721    789
   722    789
   723    789
   724    789
   725    789
   726    789
   727    789
   728    789
   729    789
   730    789
   731    789
   732    789
   733    789
   734    789
   735    789
   736    789
   737    789
   738    789
   739    789
   740    789
   741    789
   742    789
   743    789
   744    789
   745    789
   746    789
   747    789
   748    789
   749    789
   750    789
   751    789
   752    789
   753    789
   754    789
   755    789
   756    789
   757    789
   758    789
   759    789
   760    789
   761    789
   762    789
   763    789
   764    789
   765    789
   766    789
   767    789
   768    789
   769    789
   770    789
   771    789
   772    789
   773    789
   774    789
   775    789
   776    789
   777    789
   778    789
   779    789
   780    789
   781    789
   782    789
   783    789
   784    789
   785    789
   786    789
   787    789
   788    789
   789    789
   790    789
   791    789
   792    789
   793    789
   794    789
   795    789
   796    789
   797    789
   798    789
   799    789
   800    789
   801    789
   802    789
   803    789
   804    789
   805    789
   806    789
   807    789
   808    789
   809    789
   810    789
   811    789
   812    789
   813    789
   814    789
   815    789
   816    789
   817    789
   818    789
   819    789
   820    789
   821    789
   822    789
   823    789
   824    789
   825    789
   826    789
   827    789
   828    789
   829    789
   830    789
   831    789
   832    789
   833    789
   834    789
   835    789
   836    789
   837    789
   838    789
   839    789
   840    789
   841    789
   842    789
   843    789
   844    789
   845    789
   846    789
   847    789
   848    789
   849    789
   850    789
   851    789
   852    789
   853    789
   854    789
   855    789
   856    789
   857    789
   858    789
   859    789
   860    789
   861    789
   862    789
   863    789
   864    789
   865    789
   866    789
   867    789
   868    789
   869    789
   870    789
   871    789
   872    789
   873    789
   874    789
   875    789
   876    789
   877    789
   878    789
   879    789
   880    789
   881    789
   882    789
   883    789
   884    789
   885    789
   886    789
   887    789
   888    789
   889    789
   890    789
   891    789
   892    789
   893    789
   894    789
   895    789
   896    789
   897    789
   898    789
   899    789
   900    789
   901    789
   902    789
   903    789
   904    789
   905    789
   906    789
   907    789
   908    789
   909    789
   910    789
   911    789
   912    789
   913    789
   914    789
   915    789
   916    789
   917    789
   918    789
   919    789
   920    789
   921    789
   922    789
   923    789
   924    789
   925    789
   926    789
   927    789
   928    789
   929    789
   930    789
   931    789
   932    789
   933    789
   711    790
   712    790
   713    790
   714    790
   715    790
   716    790
   717    790
   718    790
   719    790
   720    790
   721    790
   722    790
   723    790
   724    790
   725    790
   726    790
   727    790
   728    790
   729    790
   730    790
   731    790
   732    790
   733    790
   734    790
   735    790
   736    790
   737    790
   738    790
   739    790
   740    790
   741    790
   742    790
   743    790
   744    790
   745    790
   746    790
   747    790
   748    790
   749    790
   750    790
   751    790
   752    790
   753    790
   754    790
   755    790
   756    790
   757    790
   758    790
   759    790
   760    790
   761    790
   762    790
   763    790
   764    790
   765    790
   766    790
   767    790
   768    790
   769    790
   770    790
   771    790
   772    790
   773    790
   774    790
   775    790
   776    790
   777    790
   778    790
   779    790
   780    790
   781    790
   782    790
   783    790
   784    790
   785    790
   786    790
   787    790
   788    790
   789    790
   790    790
   791    790
   792    790
   793    790
   794    790
   795    790
   796    790
   797    790
   798    790
   799    790
   800    790
   801    790
   802    790
   803    790
   804    790
   805    790
   806    790
   807    790
   808    790
   809    790
   810    790
   811    790
   812    790
   813    790
   814    790
   815    790
   816    790
   817    790
   818    790
   819    790
   820    790
   821    790
   822    790
   823    790
   824    790
   825    790
   826    790
   827    790
   828    790
   829    790
   830    790
   831    790
   832    790
   833    790
   834    790
   835    790
   836    790
   837    790
   838    790
   839    790
   840    790
   841    790
   842    790
   843    790
   844    790
   845    790
   846    790
   847    790
   848    790
   849    790
   850    790
   851    790
   852    790
   853    790
   854    790
   855    790
   856    790
   857    790
   858    790
   859    790
   860    790
   861    790
   862    790
   863    790
   864    790
   865    790
   866    790
   867    790
   868    790
   869    790
   870    790
   871    790
   872    790
   873    790
   874    790
   875    790
   876    790
   877    790
   878    790
   879    790
   880    790
   881    790
   882    790
   883    790
   884    790
   885    790
   886    790
   887    790
   888    790
   889    790
   890    790
   891    790
   892    790
   893    790
   894    790
   895    790
   896    790
   897    790
   898    790
   899    790
   900    790
   901    790
   902    790
   903    790
   904    790
   905    790
   906    790
   907    790
   908    790
   909    790
   910    790
   911    790
   912    790
   913    790
   914    790
   915    790
   916    790
   917    790
   918    790
   919    790
   920    790
   921    790
   922    790
   923    790
   924    790
   925    790
   926    790
   927    790
   928    790
   929    790
   930    790
   931    790
   932    790
   933    790
   934    790
   935    790
   936    790
   937    790
   938    790
   939    790
   940    790
   941    790
   958    790
   959    790
   709    791
   710    791
   711    791
   712    791
   713    791
   714    791
   715    791
   716    791
   717    791
   718    791
   719    791
   720    791
   721    791
   722    791
   723    791
   724    791
   725    791
   726    791
   727    791
   728    791
   729    791
   730    791
   731    791
   732    791
   733    791
   734    791
   735    791
   736    791
   737    791
   738    791
   739    791
   740    791
   741    791
   742    791
   743    791
   744    791
   745    791
   746    791
   747    791
   748    791
   749    791
   750    791
   751    791
   752    791
   753    791
   754    791
   755    791
   756    791
   757    791
   758    791
   759    791
   760    791
   761    791
   762    791
   763    791
   764    791
   765    791
   766    791
   767    791
   768    791
   769    791
   770    791
   771    791
   772    791
   773    791
   774    791
   775    791
   776    791
   777    791
   778    791
   779    791
   780    791
   781    791
   782    791
   783    791
   784    791
   785    791
   786    791
   787    791
   788    791
   789    791
   790    791
   791    791
   792    791
   793    791
   794    791
   795    791
   796    791
   797    791
   798    791
   799    791
   800    791
   801    791
   802    791
   803    791
   804    791
   805    791
   806    791
   807    791
   808    791
   809    791
   810    791
   811    791
   812    791
   813    791
   814    791
   815    791
   816    791
   817    791
   818    791
   819    791
   820    791
   821    791
   822    791
   823    791
   824    791
   825    791
   826    791
   827    791
   828    791
   829    791
   830    791
   831    791
   832    791
   833    791
   834    791
   835    791
   836    791
   837    791
   838    791
   839    791
   840    791
   841    791
   842    791
   843    791
   844    791
   845    791
   846    791
   847    791
   848    791
   849    791
   850    791
   851    791
   852    791
   853    791
   854    791
   855    791
   856    791
   857    791
   858    791
   859    791
   860    791
   861    791
   862    791
   863    791
   864    791
   865    791
   866    791
   867    791
   868    791
   869    791
   870    791
   871    791
   872    791
   873    791
   874    791
   875    791
   876    791
   877    791
   878    791
   879    791
   880    791
   881    791
   882    791
   883    791
   884    791
   885    791
   886    791
   887    791
   888    791
   889    791
   890    791
   891    791
   892    791
   893    791
   894    791
   895    791
   896    791
   897    791
   898    791
   899    791
   900    791
   901    791
   902    791
   903    791
   904    791
   905    791
   906    791
   907    791
   908    791
   909    791
   910    791
   911    791
   912    791
   913    791
   914    791
   915    791
   916    791
   917    791
   918    791
   919    791
   920    791
   921    791
   922    791
   923    791
   924    791
   925    791
   926    791
   927    791
   928    791
   929    791
   930    791
   931    791
   932    791
   933    791
   934    791
   935    791
   936    791
   937    791
   938    791
   939    791
   940    791
   941    791
   942    791
   943    791
   944    791
   945    791
   946    791
   947    791
   948    791
   959    791
   960    791
   707    792
   708    792
   709    792
   710    792
   711    792
   712    792
   713    792
   714    792
   715    792
   716    792
   717    792
   718    792
   719    792
   720    792
   721    792
   722    792
   723    792
   724    792
   725    792
   726    792
   727    792
   728    792
   729    792
   730    792
   731    792
   732    792
   733    792
   734    792
   735    792
   736    792
   737    792
   738    792
   739    792
   740    792
   741    792
   742    792
   743    792
   744    792
   745    792
   746    792
   747    792
   748    792
   749    792
   750    792
   751    792
   752    792
   753    792
   754    792
   755    792
   756    792
   757    792
   758    792
   759    792
   760    792
   761    792
   762    792
   763    792
   764    792
   765    792
   766    792
   767    792
   768    792
   769    792
   770    792
   771    792
   772    792
   773    792
   774    792
   775    792
   776    792
   777    792
   778    792
   779    792
   780    792
   781    792
   782    792
   783    792
   784    792
   785    792
   786    792
   787    792
   788    792
   789    792
   790    792
   791    792
   792    792
   793    792
   794    792
   795    792
   796    792
   797    792
   798    792
   799    792
   800    792
   801    792
   802    792
   803    792
   804    792
   805    792
   806    792
   807    792
   808    792
   809    792
   810    792
   811    792
   812    792
   813    792
   814    792
   815    792
   816    792
   817    792
   818    792
   819    792
   820    792
   821    792
   822    792
   823    792
   824    792
   825    792
   826    792
   827    792
   828    792
   829    792
   830    792
   831    792
   832    792
   833    792
   834    792
   835    792
   836    792
   837    792
   838    792
   839    792
   840    792
   841    792
   842    792
   843    792
   844    792
   845    792
   846    792
   847    792
   848    792
   849    792
   850    792
   851    792
   852    792
   853    792
   854    792
   855    792
   856    792
   857    792
   858    792
   859    792
   860    792
   861    792
   862    792
   863    792
   864    792
   865    792
   866    792
   867    792
   868    792
   869    792
   870    792
   871    792
   872    792
   873    792
   874    792
   875    792
   876    792
   877    792
   878    792
   879    792
   880    792
   881    792
   882    792
   883    792
   884    792
   885    792
   886    792
   887    792
   888    792
   889    792
   890    792
   891    792
   892    792
   893    792
   894    792
   895    792
   896    792
   897    792
   898    792
   899    792
   900    792
   901    792
   902    792
   903    792
   904    792
   905    792
   906    792
   907    792
   908    792
   909    792
   910    792
   911    792
   912    792
   913    792
   914    792
   915    792
   916    792
   917    792
   918    792
   919    792
   920    792
   921    792
   922    792
   923    792
   924    792
   925    792
   926    792
   927    792
   928    792
   929    792
   930    792
   931    792
   932    792
   933    792
   934    792
   935    792
   936    792
   937    792
   938    792
   939    792
   940    792
   941    792
   942    792
   943    792
   944    792
   945    792
   946    792
   947    792
   948    792
   949    792
   950    792
   951    792
   952    792
   953    792
   954    792
   705    793
   706    793
   707    793
   708    793
   709    793
   710    793
   711    793
   712    793
   713    793
   714    793
   715    793
   716    793
   717    793
   718    793
   719    793
   720    793
   721    793
   722    793
   723    793
   724    793
   725    793
   726    793
   727    793
   728    793
   729    793
   730    793
   731    793
   732    793
   733    793
   734    793
   735    793
   736    793
   737    793
   738    793
   739    793
   740    793
   741    793
   742    793
   743    793
   744    793
   745    793
   746    793
   747    793
   748    793
   749    793
   750    793
   751    793
   752    793
   753    793
   754    793
   755    793
   756    793
   757    793
   758    793
   759    793
   760    793
   761    793
   762    793
   763    793
   764    793
   765    793
   766    793
   767    793
   768    793
   769    793
   770    793
   771    793
   772    793
   773    793
   774    793
   775    793
   776    793
   777    793
   778    793
   779    793
   780    793
   781    793
   782    793
   783    793
   784    793
   785    793
   786    793
   787    793
   788    793
   789    793
   790    793
   791    793
   792    793
   793    793
   794    793
   795    793
   796    793
   797    793
   798    793
   799    793
   800    793
   801    793
   802    793
   803    793
   804    793
   805    793
   806    793
   807    793
   808    793
   809    793
   810    793
   811    793
   812    793
   813    793
   814    793
   815    793
   816    793
   817    793
   818    793
   819    793
   820    793
   821    793
   822    793
   823    793
   824    793
   825    793
   826    793
   827    793
   828    793
   829    793
   830    793
   831    793
   832    793
   833    793
   834    793
   835    793
   836    793
   837    793
   838    793
   839    793
   840    793
   841    793
   842    793
   843    793
   844    793
   845    793
   846    793
   847    793
   848    793
   849    793
   850    793
   851    793
   852    793
   853    793
   854    793
   855    793
   856    793
   857    793
   858    793
   859    793
   860    793
   861    793
   862    793
   863    793
   864    793
   865    793
   866    793
   867    793
   868    793
   869    793
   870    793
   871    793
   872    793
   873    793
   874    793
   875    793
   876    793
   877    793
   878    793
   879    793
   880    793
   881    793
   882    793
   883    793
   884    793
   885    793
   886    793
   887    793
   888    793
   889    793
   890    793
   891    793
   892    793
   893    793
   894    793
   895    793
   896    793
   897    793
   898    793
   899    793
   900    793
   901    793
   902    793
   903    793
   904    793
   905    793
   906    793
   907    793
   908    793
   909    793
   910    793
   911    793
   912    793
   913    793
   914    793
   915    793
   916    793
   917    793
   918    793
   919    793
   920    793
   921    793
   922    793
   923    793
   924    793
   925    793
   926    793
   927    793
   928    793
   929    793
   930    793
   931    793
   932    793
   933    793
   934    793
   935    793
   936    793
   937    793
   938    793
   939    793
   940    793
   941    793
   942    793
   943    793
   944    793
   945    793
   946    793
   947    793
   948    793
   949    793
   950    793
   951    793
   952    793
   953    793
   954    793
   955    793
   956    793
   957    793
   958    793
   959    793
   703    794
   704    794
   705    794
   706    794
   707    794
   708    794
   709    794
   710    794
   711    794
   712    794
   713    794
   714    794
   715    794
   716    794
   717    794
   718    794
   719    794
   720    794
   721    794
   722    794
   723    794
   724    794
   725    794
   726    794
   727    794
   728    794
   729    794
   730    794
   731    794
   732    794
   733    794
   734    794
   735    794
   736    794
   737    794
   738    794
   739    794
   740    794
   741    794
   742    794
   743    794
   744    794
   745    794
   746    794
   747    794
   748    794
   749    794
   750    794
   751    794
   752    794
   753    794
   754    794
   755    794
   756    794
   757    794
   758    794
   759    794
   760    794
   761    794
   762    794
   763    794
   764    794
   765    794
   766    794
   767    794
   768    794
   769    794
   770    794
   771    794
   772    794
   773    794
   774    794
   775    794
   776    794
   777    794
   778    794
   779    794
   780    794
   781    794
   782    794
   783    794
   784    794
   785    794
   786    794
   787    794
   788    794
   789    794
   790    794
   791    794
   792    794
   793    794
   794    794
   795    794
   796    794
   797    794
   798    794
   799    794
   800    794
   801    794
   802    794
   803    794
   804    794
   805    794
   806    794
   807    794
   808    794
   809    794
   810    794
   811    794
   812    794
   813    794
   814    794
   815    794
   816    794
   817    794
   818    794
   819    794
   820    794
   821    794
   822    794
   823    794
   824    794
   825    794
   826    794
   827    794
   828    794
   829    794
   830    794
   831    794
   832    794
   833    794
   834    794
   835    794
   836    794
   837    794
   838    794
   839    794
   840    794
   841    794
   842    794
   843    794
   844    794
   845    794
   846    794
   847    794
   848    794
   849    794
   850    794
   851    794
   852    794
   853    794
   854    794
   855    794
   856    794
   857    794
   858    794
   859    794
   860    794
   861    794
   862    794
   863    794
   864    794
   865    794
   866    794
   867    794
   868    794
   869    794
   870    794
   871    794
   872    794
   873    794
   874    794
   875    794
   876    794
   877    794
   878    794
   879    794
   880    794
   881    794
   882    794
   883    794
   884    794
   885    794
   886    794
   887    794
   888    794
   889    794
   890    794
   891    794
   892    794
   893    794
   894    794
   895    794
   896    794
   897    794
   898    794
   899    794
   900    794
   901    794
   902    794
   903    794
   904    794
   905    794
   906    794
   907    794
   908    794
   909    794
   910    794
   911    794
   912    794
   913    794
   914    794
   915    794
   916    794
   917    794
   918    794
   919    794
   920    794
   921    794
   922    794
   923    794
   924    794
   925    794
   926    794
   927    794
   928    794
   929    794
   930    794
   931    794
   932    794
   933    794
   934    794
   935    794
   936    794
   937    794
   938    794
   939    794
   940    794
   941    794
   942    794
   943    794
   944    794
   945    794
   946    794
   947    794
   948    794
   949    794
   950    794
   951    794
   952    794
   953    794
   954    794
   955    794
   956    794
   957    794
   958    794
   959    794
   960    794
   961    794
   962    794
   963    794
   964    794
   965    794
   966    794
   701    795
   702    795
   703    795
   704    795
   705    795
   706    795
   707    795
   708    795
   709    795
   710    795
   711    795
   712    795
   713    795
   714    795
   715    795
   716    795
   717    795
   718    795
   719    795
   720    795
   721    795
   722    795
   723    795
   724    795
   725    795
   726    795
   727    795
   728    795
   729    795
   730    795
   731    795
   732    795
   733    795
   734    795
   735    795
   736    795
   737    795
   738    795
   739    795
   740    795
   741    795
   742    795
   743    795
   744    795
   745    795
   746    795
   747    795
   748    795
   749    795
   750    795
   751    795
   752    795
   753    795
   754    795
   755    795
   756    795
   757    795
   758    795
   759    795
   760    795
   761    795
   762    795
   763    795
   764    795
   765    795
   766    795
   767    795
   768    795
   769    795
   770    795
   771    795
   772    795
   773    795
   774    795
   775    795
   776    795
   777    795
   778    795
   779    795
   780    795
   781    795
   782    795
   783    795
   784    795
   785    795
   786    795
   787    795
   788    795
   789    795
   790    795
   791    795
   792    795
   793    795
   794    795
   795    795
   796    795
   797    795
   798    795
   799    795
   800    795
   801    795
   802    795
   803    795
   804    795
   805    795
   806    795
   807    795
   808    795
   809    795
   810    795
   811    795
   812    795
   813    795
   814    795
   815    795
   816    795
   817    795
   818    795
   819    795
   820    795
   821    795
   822    795
   823    795
   824    795
   825    795
   826    795
   827    795
   828    795
   829    795
   830    795
   831    795
   832    795
   833    795
   834    795
   835    795
   836    795
   837    795
   838    795
   839    795
   840    795
   841    795
   842    795
   843    795
   844    795
   845    795
   846    795
   847    795
   848    795
   849    795
   850    795
   851    795
   852    795
   853    795
   854    795
   855    795
   856    795
   857    795
   858    795
   859    795
   860    795
   861    795
   862    795
   863    795
   864    795
   865    795
   866    795
   867    795
   868    795
   869    795
   870    795
   871    795
   872    795
   873    795
   874    795
   875    795
   876    795
   877    795
   878    795
   879    795
   880    795
   881    795
   882    795
   883    795
   884    795
   885    795
   886    795
   887    795
   888    795
   889    795
   890    795
   891    795
   892    795
   893    795
   894    795
   895    795
   896    795
   897    795
   898    795
   899    795
   900    795
   901    795
   902    795
   903    795
   904    795
   905    795
   906    795
   907    795
   908    795
   909    795
   910    795
   911    795
   912    795
   913    795
   914    795
   915    795
   916    795
   917    795
   918    795
   919    795
   920    795
   921    795
   922    795
   923    795
   924    795
   925    795
   926    795
   927    795
   928    795
   929    795
   930    795
   931    795
   932    795
   933    795
   934    795
   935    795
   936    795
   937    795
   938    795
   939    795
   940    795
   941    795
   942    795
   943    795
   944    795
   945    795
   946    795
   947    795
   948    795
   949    795
   950    795
   951    795
   952    795
   953    795
   954    795
   955    795
   956    795
   957    795
   958    795
   959    795
   960    795
   961    795
   962    795
   963    795
   964    795
   965    795
   966    795
   967    795
   968    795
   969    795
   970    795
